DELETE FROM Consulta;
DELETE FROM Exame;
DELETE FROM Unidade_Saude;
DELETE FROM Paciente;
DELETE FROM Profissional_Saude;
INSERT INTO Profissional_Saude (id_profissional, nome, cargo, tipo_registro, registro_conselho) VALUES (1, 'Cecília Albuquerque', 'Enfermeiro', 'COREN', 'Sk-29405');
INSERT INTO Profissional_Saude (id_profissional, nome, cargo, tipo_registro, registro_conselho) VALUES (2, 'Sr. Pietro da Conceição', 'Pediatra', 'COREN', 'Ta-39211');
INSERT INTO Profissional_Saude (id_profissional, nome, cargo, tipo_registro, registro_conselho) VALUES (3, 'Brayan Castro', 'Clínico Geral', 'CRM', 'wf-94441');
INSERT INTO Profissional_Saude (id_profissional, nome, cargo, tipo_registro, registro_conselho) VALUES (4, 'Isabella Porto', 'Clínico Geral', 'CRM', 'vo-35973');
INSERT INTO Profissional_Saude (id_profissional, nome, cargo, tipo_registro, registro_conselho) VALUES (5, 'Luiz Henrique da Conceição', 'Clínico Geral', 'COREN', 'wc-31435');
INSERT INTO Profissional_Saude (id_profissional, nome, cargo, tipo_registro, registro_conselho) VALUES (6, 'Daniela da Mata', 'Clínico Geral', 'CRF', 'aY-93799');
INSERT INTO Profissional_Saude (id_profissional, nome, cargo, tipo_registro, registro_conselho) VALUES (7, 'Allana Leão', 'Cardiologista', 'CRO', 'Nx-18670');
INSERT INTO Profissional_Saude (id_profissional, nome, cargo, tipo_registro, registro_conselho) VALUES (8, 'Luigi Pacheco', 'Enfermeiro', 'COREN', 'Fn-34956');
INSERT INTO Profissional_Saude (id_profissional, nome, cargo, tipo_registro, registro_conselho) VALUES (9, 'Francisco Almeida', 'Clínico Geral', 'CRO', 'eD-86253');
INSERT INTO Profissional_Saude (id_profissional, nome, cargo, tipo_registro, registro_conselho) VALUES (10, 'Carolina Azevedo', 'Clínico Geral', 'CRO', 'xy-32485');
INSERT INTO Paciente (id_paciente, cpf, nome, data_nascimento, sexo) VALUES (1, '41250967830', 'Joaquim Alves', '1991-02-05', 'F');
INSERT INTO Paciente (id_paciente, cpf, nome, data_nascimento, sexo) VALUES (2, '59871436246', 'Ana Júlia Lopes', '1950-04-16', 'O');
INSERT INTO Paciente (id_paciente, cpf, nome, data_nascimento, sexo) VALUES (3, '60129374580', 'Lara Marques', '2020-04-12', 'F');
INSERT INTO Paciente (id_paciente, cpf, nome, data_nascimento, sexo) VALUES (4, '84625917085', 'Julia Campos', '2002-07-13', 'O');
INSERT INTO Paciente (id_paciente, cpf, nome, data_nascimento, sexo) VALUES (5, '31876420553', 'Cecilia Monteiro', '1968-06-30', 'M');
INSERT INTO Paciente (id_paciente, cpf, nome, data_nascimento, sexo) VALUES (6, '78516209377', 'Juan Pires', '1975-11-08', 'F');
INSERT INTO Paciente (id_paciente, cpf, nome, data_nascimento, sexo) VALUES (7, '79263054800', 'Heloisa Oliveira', '2014-02-04', 'M');
INSERT INTO Paciente (id_paciente, cpf, nome, data_nascimento, sexo) VALUES (8, '85076412371', 'Stella Moura', '1994-05-14', 'O');
INSERT INTO Paciente (id_paciente, cpf, nome, data_nascimento, sexo) VALUES (9, '85239671095', 'Giovanna Barros', '1974-01-14', 'F');
INSERT INTO Paciente (id_paciente, cpf, nome, data_nascimento, sexo) VALUES (10, '29751083460', 'Nicolas Pastor', '1964-05-04', 'F');
INSERT INTO Paciente (id_paciente, cpf, nome, data_nascimento, sexo) VALUES (11, '09387624510', 'Dra. Emilly da Costa', '1986-09-25', 'O');
INSERT INTO Paciente (id_paciente, cpf, nome, data_nascimento, sexo) VALUES (12, '59846127049', 'Dom Macedo', '1977-05-02', 'M');
INSERT INTO Paciente (id_paciente, cpf, nome, data_nascimento, sexo) VALUES (13, '51643709216', 'Maria Alice da Luz', '2003-07-14', 'F');
INSERT INTO Paciente (id_paciente, cpf, nome, data_nascimento, sexo) VALUES (14, '85149706310', 'Dr. Ian Machado', '2002-01-13', 'F');
INSERT INTO Paciente (id_paciente, cpf, nome, data_nascimento, sexo) VALUES (15, '96185403757', 'Ravy Farias', '2000-05-19', 'F');
INSERT INTO Paciente (id_paciente, cpf, nome, data_nascimento, sexo) VALUES (16, '85692074338', 'Anthony Gabriel Mendes', '1962-12-13', 'M');
INSERT INTO Paciente (id_paciente, cpf, nome, data_nascimento, sexo) VALUES (17, '16370429570', 'Benício Nunes', '1950-03-31', 'O');
INSERT INTO Paciente (id_paciente, cpf, nome, data_nascimento, sexo) VALUES (18, '24516098342', 'Daniel Costa', '2022-01-01', 'F');
INSERT INTO Paciente (id_paciente, cpf, nome, data_nascimento, sexo) VALUES (19, '02736148517', 'Diego Vieira', '1982-01-23', 'O');
INSERT INTO Paciente (id_paciente, cpf, nome, data_nascimento, sexo) VALUES (20, '39147065893', 'Luna da Paz', '2012-07-27', 'F');
INSERT INTO Paciente (id_paciente, cpf, nome, data_nascimento, sexo) VALUES (21, '85260319451', 'Elisa Aparecida', '2009-03-07', 'O');
INSERT INTO Paciente (id_paciente, cpf, nome, data_nascimento, sexo) VALUES (22, '79651428309', 'Sra. Hadassa da Paz', '1957-06-06', 'O');
INSERT INTO Paciente (id_paciente, cpf, nome, data_nascimento, sexo) VALUES (23, '04271589667', 'Luiz Henrique Silva', '1995-02-21', 'M');
INSERT INTO Paciente (id_paciente, cpf, nome, data_nascimento, sexo) VALUES (24, '47936582100', 'Rael Martins', '2021-12-24', 'O');
INSERT INTO Paciente (id_paciente, cpf, nome, data_nascimento, sexo) VALUES (25, '45816097393', 'Luiz Henrique da Mota', '2017-07-13', 'M');
INSERT INTO Paciente (id_paciente, cpf, nome, data_nascimento, sexo) VALUES (26, '98167052494', 'Isabelly Sá', '1992-05-31', 'O');
INSERT INTO Paciente (id_paciente, cpf, nome, data_nascimento, sexo) VALUES (27, '82415906794', 'Sra. Ágatha Montenegro', '1943-05-05', 'M');
INSERT INTO Paciente (id_paciente, cpf, nome, data_nascimento, sexo) VALUES (28, '63207519407', 'Agatha Fonseca', '1985-04-22', 'F');
INSERT INTO Paciente (id_paciente, cpf, nome, data_nascimento, sexo) VALUES (29, '39540178223', 'Gael Barros', '2018-07-23', 'M');
INSERT INTO Paciente (id_paciente, cpf, nome, data_nascimento, sexo) VALUES (30, '24931806740', 'Sophie Barros', '2018-08-23', 'M');
INSERT INTO Paciente (id_paciente, cpf, nome, data_nascimento, sexo) VALUES (31, '04685312708', 'Asafe da Rocha', '2010-03-07', 'M');
INSERT INTO Paciente (id_paciente, cpf, nome, data_nascimento, sexo) VALUES (32, '74529160858', 'Dra. Ana Liz Monteiro', '2021-09-14', 'O');
INSERT INTO Paciente (id_paciente, cpf, nome, data_nascimento, sexo) VALUES (33, '16830457262', 'Mathias Porto', '1959-06-13', 'M');
INSERT INTO Paciente (id_paciente, cpf, nome, data_nascimento, sexo) VALUES (34, '76180524335', 'Srta. Carolina Barros', '2013-01-26', 'M');
INSERT INTO Paciente (id_paciente, cpf, nome, data_nascimento, sexo) VALUES (35, '17309584600', 'Dr. André Pires', '1967-01-20', 'F');
INSERT INTO Paciente (id_paciente, cpf, nome, data_nascimento, sexo) VALUES (36, '93256174043', 'Maya Farias', '1988-03-19', 'O');
INSERT INTO Paciente (id_paciente, cpf, nome, data_nascimento, sexo) VALUES (37, '74816530207', 'Antônio Câmara', '1951-04-02', 'M');
INSERT INTO Paciente (id_paciente, cpf, nome, data_nascimento, sexo) VALUES (38, '98602371586', 'Dr. Léo Casa Grande', '1936-02-21', 'O');
INSERT INTO Paciente (id_paciente, cpf, nome, data_nascimento, sexo) VALUES (39, '76085421362', 'Sr. Eduardo Moura', '1983-09-30', 'F');
INSERT INTO Paciente (id_paciente, cpf, nome, data_nascimento, sexo) VALUES (40, '75106249830', 'Lara Sampaio', '2003-09-17', 'M');
INSERT INTO Paciente (id_paciente, cpf, nome, data_nascimento, sexo) VALUES (41, '15403962743', 'Sra. Anna Liz Brito', '1951-07-13', 'M');
INSERT INTO Paciente (id_paciente, cpf, nome, data_nascimento, sexo) VALUES (42, '29341065780', 'Hellena Azevedo', '1963-11-17', 'M');
INSERT INTO Paciente (id_paciente, cpf, nome, data_nascimento, sexo) VALUES (43, '31047958600', 'Cecília Costela', '1934-12-23', 'O');
INSERT INTO Paciente (id_paciente, cpf, nome, data_nascimento, sexo) VALUES (44, '65178924002', 'Bella Camargo', '1951-03-17', 'F');
INSERT INTO Paciente (id_paciente, cpf, nome, data_nascimento, sexo) VALUES (45, '90561872449', 'Renan da Luz', '1976-09-26', 'O');
INSERT INTO Paciente (id_paciente, cpf, nome, data_nascimento, sexo) VALUES (46, '70592641325', 'Laís Montenegro', '1998-03-11', 'M');
INSERT INTO Paciente (id_paciente, cpf, nome, data_nascimento, sexo) VALUES (47, '14675082335', 'Clarice Farias', '1976-03-02', 'O');
INSERT INTO Paciente (id_paciente, cpf, nome, data_nascimento, sexo) VALUES (48, '76235981473', 'Dra. Antonella Aragão', '1973-08-01', 'M');
INSERT INTO Paciente (id_paciente, cpf, nome, data_nascimento, sexo) VALUES (49, '68204971303', 'Sra. Ana Clara Rodrigues', '1958-09-20', 'M');
INSERT INTO Paciente (id_paciente, cpf, nome, data_nascimento, sexo) VALUES (50, '92871506302', 'Emanuella Cassiano', '1967-01-16', 'O');
INSERT INTO Unidade_Saude (id_unidade_saude, nome, tipo_unidade, cidade, bairro) VALUES (1, 'UBS Sousa', 'UBS', 'Pires de Lopes', 'Aeroporto de Cirino');
INSERT INTO Unidade_Saude (id_unidade_saude, nome, tipo_unidade, cidade, bairro) VALUES (2, 'UPA Leão', 'UPA', 'Rocha', 'Jardim da Rosa');
INSERT INTO Unidade_Saude (id_unidade_saude, nome, tipo_unidade, cidade, bairro) VALUES (3, 'UBS Santos dos Dourados', 'UBS', 'Alves das Flores', 'Área de Aragão');
INSERT INTO Unidade_Saude (id_unidade_saude, nome, tipo_unidade, cidade, bairro) VALUES (4, 'UPA Vieira da Prata', 'UPA', 'Freitas das Flores', 'Recanto Ana Laura Montenegro');
INSERT INTO Unidade_Saude (id_unidade_saude, nome, tipo_unidade, cidade, bairro) VALUES (5, 'Pronto Socorro Cirino', 'Pronto Socorro', 'Pereira', 'Área Brito');
INSERT INTO Exame (id_exame, nome_exame, tipo_exame, data_realizacao, id_profissional, id_paciente) VALUES (1, 'Raio-X', 'Imagem', '2025-03-26 05:17:57.839618', 7, 33);
INSERT INTO Exame (id_exame, nome_exame, tipo_exame, data_realizacao, id_profissional, id_paciente) VALUES (2, 'Eletrocardiograma', 'Laboratorial', '2024-11-20 02:50:36.544537', 5, 40);
INSERT INTO Exame (id_exame, nome_exame, tipo_exame, data_realizacao, id_profissional, id_paciente) VALUES (3, 'Raio-X', 'Laboratorial', '2024-12-28 10:06:43.802464', 7, 13);
INSERT INTO Exame (id_exame, nome_exame, tipo_exame, data_realizacao, id_profissional, id_paciente) VALUES (4, 'Ultrassom', 'Imagem', '2025-02-15 11:11:05.639649', 5, 17);
INSERT INTO Exame (id_exame, nome_exame, tipo_exame, data_realizacao, id_profissional, id_paciente) VALUES (5, 'Eletrocardiograma', 'Imagem', '2025-02-02 04:46:03.483958', 8, 15);
INSERT INTO Exame (id_exame, nome_exame, tipo_exame, data_realizacao, id_profissional, id_paciente) VALUES (6, 'Raio-X', 'Imagem', '2024-11-10 04:22:08.084481', 2, 20);
INSERT INTO Exame (id_exame, nome_exame, tipo_exame, data_realizacao, id_profissional, id_paciente) VALUES (7, 'Hemograma', 'Laboratorial', '2025-03-03 23:21:08.176678', 1, 13);
INSERT INTO Exame (id_exame, nome_exame, tipo_exame, data_realizacao, id_profissional, id_paciente) VALUES (8, 'Raio-X', 'Laboratorial', '2025-04-27 17:32:07.917737', 6, 15);
INSERT INTO Exame (id_exame, nome_exame, tipo_exame, data_realizacao, id_profissional, id_paciente) VALUES (9, 'Raio-X', 'Imagem', '2024-12-27 15:52:36.043669', 10, 18);
INSERT INTO Exame (id_exame, nome_exame, tipo_exame, data_realizacao, id_profissional, id_paciente) VALUES (10, 'Ultrassom', 'Laboratorial', '2025-01-29 16:43:18.881955', 10, 7);
INSERT INTO Exame (id_exame, nome_exame, tipo_exame, data_realizacao, id_profissional, id_paciente) VALUES (11, 'Raio-X', 'Laboratorial', '2024-12-27 18:21:14.217162', 1, 41);
INSERT INTO Exame (id_exame, nome_exame, tipo_exame, data_realizacao, id_profissional, id_paciente) VALUES (12, 'Hemograma', 'Laboratorial', '2025-04-25 19:33:49.240348', 10, 28);
INSERT INTO Exame (id_exame, nome_exame, tipo_exame, data_realizacao, id_profissional, id_paciente) VALUES (13, 'Eletrocardiograma', 'Imagem', '2025-04-03 10:08:08.957073', 6, 16);
INSERT INTO Exame (id_exame, nome_exame, tipo_exame, data_realizacao, id_profissional, id_paciente) VALUES (14, 'Raio-X', 'Laboratorial', '2025-01-22 05:01:33.426846', 8, 38);
INSERT INTO Exame (id_exame, nome_exame, tipo_exame, data_realizacao, id_profissional, id_paciente) VALUES (15, 'Ultrassom', 'Imagem', '2025-02-05 20:42:53.915966', 7, 23);
INSERT INTO Exame (id_exame, nome_exame, tipo_exame, data_realizacao, id_profissional, id_paciente) VALUES (16, 'Raio-X', 'Laboratorial', '2024-12-30 06:44:52.428039', 3, 27);
INSERT INTO Exame (id_exame, nome_exame, tipo_exame, data_realizacao, id_profissional, id_paciente) VALUES (17, 'Eletrocardiograma', 'Laboratorial', '2025-04-21 13:06:03.033826', 3, 6);
INSERT INTO Exame (id_exame, nome_exame, tipo_exame, data_realizacao, id_profissional, id_paciente) VALUES (18, 'Hemograma', 'Laboratorial', '2025-04-07 00:23:46.609716', 10, 33);
INSERT INTO Exame (id_exame, nome_exame, tipo_exame, data_realizacao, id_profissional, id_paciente) VALUES (19, 'Raio-X', 'Laboratorial', '2024-12-28 14:48:45.604168', 10, 42);
INSERT INTO Exame (id_exame, nome_exame, tipo_exame, data_realizacao, id_profissional, id_paciente) VALUES (20, 'Raio-X', 'Laboratorial', '2025-01-20 17:24:14.344252', 4, 33);
INSERT INTO Exame (id_exame, nome_exame, tipo_exame, data_realizacao, id_profissional, id_paciente) VALUES (21, 'Hemograma', 'Imagem', '2024-12-27 13:08:22.278053', 4, 36);
INSERT INTO Exame (id_exame, nome_exame, tipo_exame, data_realizacao, id_profissional, id_paciente) VALUES (22, 'Eletrocardiograma', 'Laboratorial', '2025-03-08 20:04:41.196825', 9, 31);
INSERT INTO Exame (id_exame, nome_exame, tipo_exame, data_realizacao, id_profissional, id_paciente) VALUES (23, 'Eletrocardiograma', 'Laboratorial', '2025-03-06 16:52:38.610989', 5, 44);
INSERT INTO Exame (id_exame, nome_exame, tipo_exame, data_realizacao, id_profissional, id_paciente) VALUES (24, 'Raio-X', 'Imagem', '2024-12-26 20:05:23.649473', 8, 5);
INSERT INTO Exame (id_exame, nome_exame, tipo_exame, data_realizacao, id_profissional, id_paciente) VALUES (25, 'Ultrassom', 'Imagem', '2025-04-18 19:01:58.678446', 9, 21);
INSERT INTO Exame (id_exame, nome_exame, tipo_exame, data_realizacao, id_profissional, id_paciente) VALUES (26, 'Ultrassom', 'Imagem', '2024-12-20 00:09:09.714091', 5, 22);
INSERT INTO Exame (id_exame, nome_exame, tipo_exame, data_realizacao, id_profissional, id_paciente) VALUES (27, 'Eletrocardiograma', 'Laboratorial', '2025-03-21 07:08:59.046874', 4, 46);
INSERT INTO Exame (id_exame, nome_exame, tipo_exame, data_realizacao, id_profissional, id_paciente) VALUES (28, 'Ultrassom', 'Laboratorial', '2025-01-26 18:47:58.585321', 10, 24);
INSERT INTO Exame (id_exame, nome_exame, tipo_exame, data_realizacao, id_profissional, id_paciente) VALUES (29, 'Hemograma', 'Laboratorial', '2024-12-31 21:01:55.573962', 1, 1);
INSERT INTO Exame (id_exame, nome_exame, tipo_exame, data_realizacao, id_profissional, id_paciente) VALUES (30, 'Ultrassom', 'Laboratorial', '2024-11-19 13:54:54.914375', 3, 45);
INSERT INTO Exame (id_exame, nome_exame, tipo_exame, data_realizacao, id_profissional, id_paciente) VALUES (31, 'Hemograma', 'Laboratorial', '2025-02-19 04:54:39.068428', 6, 16);
INSERT INTO Exame (id_exame, nome_exame, tipo_exame, data_realizacao, id_profissional, id_paciente) VALUES (32, 'Raio-X', 'Laboratorial', '2025-01-22 01:10:33.998476', 8, 23);
INSERT INTO Exame (id_exame, nome_exame, tipo_exame, data_realizacao, id_profissional, id_paciente) VALUES (33, 'Eletrocardiograma', 'Laboratorial', '2024-11-25 00:31:29.158952', 9, 20);
INSERT INTO Exame (id_exame, nome_exame, tipo_exame, data_realizacao, id_profissional, id_paciente) VALUES (34, 'Eletrocardiograma', 'Laboratorial', '2024-12-05 07:17:53.830303', 10, 44);
INSERT INTO Exame (id_exame, nome_exame, tipo_exame, data_realizacao, id_profissional, id_paciente) VALUES (35, 'Ultrassom', 'Laboratorial', '2025-01-12 15:51:43.094774', 5, 34);
INSERT INTO Exame (id_exame, nome_exame, tipo_exame, data_realizacao, id_profissional, id_paciente) VALUES (36, 'Hemograma', 'Imagem', '2025-01-04 12:25:21.821919', 1, 17);
INSERT INTO Exame (id_exame, nome_exame, tipo_exame, data_realizacao, id_profissional, id_paciente) VALUES (37, 'Ultrassom', 'Laboratorial', '2024-12-27 14:24:58.754410', 6, 45);
INSERT INTO Exame (id_exame, nome_exame, tipo_exame, data_realizacao, id_profissional, id_paciente) VALUES (38, 'Hemograma', 'Laboratorial', '2024-12-24 20:10:04.263194', 9, 3);
INSERT INTO Exame (id_exame, nome_exame, tipo_exame, data_realizacao, id_profissional, id_paciente) VALUES (39, 'Ultrassom', 'Imagem', '2024-11-18 18:48:22.953756', 3, 31);
INSERT INTO Exame (id_exame, nome_exame, tipo_exame, data_realizacao, id_profissional, id_paciente) VALUES (40, 'Raio-X', 'Laboratorial', '2025-03-22 00:34:22.245380', 6, 6);
INSERT INTO Exame (id_exame, nome_exame, tipo_exame, data_realizacao, id_profissional, id_paciente) VALUES (41, 'Ultrassom', 'Laboratorial', '2025-04-07 03:35:18.207832', 5, 6);
INSERT INTO Exame (id_exame, nome_exame, tipo_exame, data_realizacao, id_profissional, id_paciente) VALUES (42, 'Hemograma', 'Laboratorial', '2025-03-01 02:49:42.439923', 9, 26);
INSERT INTO Exame (id_exame, nome_exame, tipo_exame, data_realizacao, id_profissional, id_paciente) VALUES (43, 'Raio-X', 'Laboratorial', '2025-03-20 02:54:07.307522', 9, 17);
INSERT INTO Exame (id_exame, nome_exame, tipo_exame, data_realizacao, id_profissional, id_paciente) VALUES (44, 'Hemograma', 'Laboratorial', '2025-02-05 09:20:34.355417', 9, 31);
INSERT INTO Exame (id_exame, nome_exame, tipo_exame, data_realizacao, id_profissional, id_paciente) VALUES (45, 'Ultrassom', 'Imagem', '2025-03-15 18:50:32.180103', 7, 37);
INSERT INTO Exame (id_exame, nome_exame, tipo_exame, data_realizacao, id_profissional, id_paciente) VALUES (46, 'Ultrassom', 'Imagem', '2025-04-07 16:57:14.537109', 7, 13);
INSERT INTO Exame (id_exame, nome_exame, tipo_exame, data_realizacao, id_profissional, id_paciente) VALUES (47, 'Eletrocardiograma', 'Laboratorial', '2025-02-27 05:50:01.707311', 2, 16);
INSERT INTO Exame (id_exame, nome_exame, tipo_exame, data_realizacao, id_profissional, id_paciente) VALUES (48, 'Hemograma', 'Laboratorial', '2025-04-07 19:46:56.833583', 4, 22);
INSERT INTO Exame (id_exame, nome_exame, tipo_exame, data_realizacao, id_profissional, id_paciente) VALUES (49, 'Raio-X', 'Laboratorial', '2025-03-10 15:17:54.222364', 1, 8);
INSERT INTO Exame (id_exame, nome_exame, tipo_exame, data_realizacao, id_profissional, id_paciente) VALUES (50, 'Raio-X', 'Imagem', '2025-02-06 13:13:20.115380', 9, 3);
INSERT INTO Exame (id_exame, nome_exame, tipo_exame, data_realizacao, id_profissional, id_paciente) VALUES (51, 'Hemograma', 'Imagem', '2025-01-14 07:50:03.811922', 5, 13);
INSERT INTO Exame (id_exame, nome_exame, tipo_exame, data_realizacao, id_profissional, id_paciente) VALUES (52, 'Eletrocardiograma', 'Laboratorial', '2025-04-06 21:49:42.298762', 2, 19);
INSERT INTO Exame (id_exame, nome_exame, tipo_exame, data_realizacao, id_profissional, id_paciente) VALUES (53, 'Hemograma', 'Imagem', '2025-03-10 22:07:02.483978', 6, 39);
INSERT INTO Exame (id_exame, nome_exame, tipo_exame, data_realizacao, id_profissional, id_paciente) VALUES (54, 'Hemograma', 'Laboratorial', '2025-04-15 03:52:40.173681', 3, 31);
INSERT INTO Exame (id_exame, nome_exame, tipo_exame, data_realizacao, id_profissional, id_paciente) VALUES (55, 'Eletrocardiograma', 'Laboratorial', '2025-01-29 21:40:59.214817', 3, 1);
INSERT INTO Exame (id_exame, nome_exame, tipo_exame, data_realizacao, id_profissional, id_paciente) VALUES (56, 'Eletrocardiograma', 'Imagem', '2024-12-30 17:55:47.096311', 2, 43);
INSERT INTO Exame (id_exame, nome_exame, tipo_exame, data_realizacao, id_profissional, id_paciente) VALUES (57, 'Hemograma', 'Imagem', '2024-12-05 14:19:08.093151', 2, 24);
INSERT INTO Exame (id_exame, nome_exame, tipo_exame, data_realizacao, id_profissional, id_paciente) VALUES (58, 'Ultrassom', 'Laboratorial', '2024-12-03 05:48:20.231483', 9, 2);
INSERT INTO Exame (id_exame, nome_exame, tipo_exame, data_realizacao, id_profissional, id_paciente) VALUES (59, 'Raio-X', 'Imagem', '2025-01-25 19:08:46.086042', 5, 5);
INSERT INTO Exame (id_exame, nome_exame, tipo_exame, data_realizacao, id_profissional, id_paciente) VALUES (60, 'Hemograma', 'Laboratorial', '2025-03-21 01:59:28.251443', 6, 11);
INSERT INTO Exame (id_exame, nome_exame, tipo_exame, data_realizacao, id_profissional, id_paciente) VALUES (61, 'Ultrassom', 'Laboratorial', '2025-04-05 19:35:54.375272', 7, 3);
INSERT INTO Exame (id_exame, nome_exame, tipo_exame, data_realizacao, id_profissional, id_paciente) VALUES (62, 'Raio-X', 'Laboratorial', '2025-04-23 07:08:12.396738', 2, 22);
INSERT INTO Exame (id_exame, nome_exame, tipo_exame, data_realizacao, id_profissional, id_paciente) VALUES (63, 'Raio-X', 'Imagem', '2024-12-16 05:35:40.712508', 1, 16);
INSERT INTO Exame (id_exame, nome_exame, tipo_exame, data_realizacao, id_profissional, id_paciente) VALUES (64, 'Hemograma', 'Imagem', '2025-03-05 22:14:46.304385', 3, 4);
INSERT INTO Exame (id_exame, nome_exame, tipo_exame, data_realizacao, id_profissional, id_paciente) VALUES (65, 'Raio-X', 'Laboratorial', '2025-04-27 18:37:05.225745', 9, 2);
INSERT INTO Exame (id_exame, nome_exame, tipo_exame, data_realizacao, id_profissional, id_paciente) VALUES (66, 'Eletrocardiograma', 'Imagem', '2024-11-16 03:55:15.965727', 4, 45);
INSERT INTO Exame (id_exame, nome_exame, tipo_exame, data_realizacao, id_profissional, id_paciente) VALUES (67, 'Raio-X', 'Imagem', '2024-11-17 20:28:03.205068', 4, 22);
INSERT INTO Exame (id_exame, nome_exame, tipo_exame, data_realizacao, id_profissional, id_paciente) VALUES (68, 'Hemograma', 'Imagem', '2024-12-22 15:52:57.217544', 6, 42);
INSERT INTO Exame (id_exame, nome_exame, tipo_exame, data_realizacao, id_profissional, id_paciente) VALUES (69, 'Ultrassom', 'Imagem', '2025-03-11 06:29:00.112938', 10, 10);
INSERT INTO Exame (id_exame, nome_exame, tipo_exame, data_realizacao, id_profissional, id_paciente) VALUES (70, 'Eletrocardiograma', 'Imagem', '2025-04-03 05:58:20.429191', 9, 32);
INSERT INTO Exame (id_exame, nome_exame, tipo_exame, data_realizacao, id_profissional, id_paciente) VALUES (71, 'Ultrassom', 'Imagem', '2025-04-11 10:51:36.646803', 5, 45);
INSERT INTO Exame (id_exame, nome_exame, tipo_exame, data_realizacao, id_profissional, id_paciente) VALUES (72, 'Hemograma', 'Laboratorial', '2025-02-11 14:20:09.135180', 6, 29);
INSERT INTO Exame (id_exame, nome_exame, tipo_exame, data_realizacao, id_profissional, id_paciente) VALUES (73, 'Hemograma', 'Imagem', '2025-04-21 21:24:12.056651', 4, 29);
INSERT INTO Exame (id_exame, nome_exame, tipo_exame, data_realizacao, id_profissional, id_paciente) VALUES (74, 'Hemograma', 'Laboratorial', '2025-04-13 11:30:55.394596', 2, 50);
INSERT INTO Exame (id_exame, nome_exame, tipo_exame, data_realizacao, id_profissional, id_paciente) VALUES (75, 'Raio-X', 'Laboratorial', '2024-12-25 06:38:27.042320', 3, 23);
INSERT INTO Exame (id_exame, nome_exame, tipo_exame, data_realizacao, id_profissional, id_paciente) VALUES (76, 'Ultrassom', 'Imagem', '2025-05-09 05:51:26.776359', 3, 23);
INSERT INTO Exame (id_exame, nome_exame, tipo_exame, data_realizacao, id_profissional, id_paciente) VALUES (77, 'Hemograma', 'Laboratorial', '2025-04-06 17:19:01.998804', 4, 5);
INSERT INTO Exame (id_exame, nome_exame, tipo_exame, data_realizacao, id_profissional, id_paciente) VALUES (78, 'Ultrassom', 'Laboratorial', '2025-05-03 08:13:04.094971', 9, 22);
INSERT INTO Exame (id_exame, nome_exame, tipo_exame, data_realizacao, id_profissional, id_paciente) VALUES (79, 'Hemograma', 'Laboratorial', '2025-04-05 11:48:58.674663', 8, 19);
INSERT INTO Exame (id_exame, nome_exame, tipo_exame, data_realizacao, id_profissional, id_paciente) VALUES (80, 'Raio-X', 'Imagem', '2025-02-23 11:45:11.030484', 5, 30);
INSERT INTO Exame (id_exame, nome_exame, tipo_exame, data_realizacao, id_profissional, id_paciente) VALUES (81, 'Raio-X', 'Laboratorial', '2025-04-16 06:09:17.144125', 3, 9);
INSERT INTO Exame (id_exame, nome_exame, tipo_exame, data_realizacao, id_profissional, id_paciente) VALUES (82, 'Eletrocardiograma', 'Laboratorial', '2024-12-19 11:32:42.442495', 4, 2);
INSERT INTO Exame (id_exame, nome_exame, tipo_exame, data_realizacao, id_profissional, id_paciente) VALUES (83, 'Ultrassom', 'Imagem', '2024-12-07 11:51:17.446608', 6, 20);
INSERT INTO Exame (id_exame, nome_exame, tipo_exame, data_realizacao, id_profissional, id_paciente) VALUES (84, 'Ultrassom', 'Imagem', '2025-03-05 11:40:49.722932', 7, 2);
INSERT INTO Exame (id_exame, nome_exame, tipo_exame, data_realizacao, id_profissional, id_paciente) VALUES (85, 'Raio-X', 'Imagem', '2025-02-27 07:13:05.296059', 10, 35);
INSERT INTO Exame (id_exame, nome_exame, tipo_exame, data_realizacao, id_profissional, id_paciente) VALUES (86, 'Ultrassom', 'Imagem', '2025-02-21 05:22:19.048953', 2, 50);
INSERT INTO Exame (id_exame, nome_exame, tipo_exame, data_realizacao, id_profissional, id_paciente) VALUES (87, 'Hemograma', 'Laboratorial', '2024-11-18 11:57:37.872631', 9, 4);
INSERT INTO Exame (id_exame, nome_exame, tipo_exame, data_realizacao, id_profissional, id_paciente) VALUES (88, 'Raio-X', 'Laboratorial', '2025-02-20 21:46:05.137721', 2, 5);
INSERT INTO Exame (id_exame, nome_exame, tipo_exame, data_realizacao, id_profissional, id_paciente) VALUES (89, 'Eletrocardiograma', 'Laboratorial', '2025-02-07 22:45:46.633398', 9, 24);
INSERT INTO Exame (id_exame, nome_exame, tipo_exame, data_realizacao, id_profissional, id_paciente) VALUES (90, 'Ultrassom', 'Imagem', '2025-04-13 19:42:56.593919', 3, 13);
INSERT INTO Exame (id_exame, nome_exame, tipo_exame, data_realizacao, id_profissional, id_paciente) VALUES (91, 'Eletrocardiograma', 'Imagem', '2024-12-24 08:14:51.459470', 4, 49);
INSERT INTO Exame (id_exame, nome_exame, tipo_exame, data_realizacao, id_profissional, id_paciente) VALUES (92, 'Hemograma', 'Laboratorial', '2025-03-08 18:40:58.696674', 3, 11);
INSERT INTO Exame (id_exame, nome_exame, tipo_exame, data_realizacao, id_profissional, id_paciente) VALUES (93, 'Hemograma', 'Laboratorial', '2025-02-05 15:42:41.847049', 3, 49);
INSERT INTO Exame (id_exame, nome_exame, tipo_exame, data_realizacao, id_profissional, id_paciente) VALUES (94, 'Raio-X', 'Imagem', '2025-01-16 10:52:44.588047', 10, 4);
INSERT INTO Exame (id_exame, nome_exame, tipo_exame, data_realizacao, id_profissional, id_paciente) VALUES (95, 'Raio-X', 'Imagem', '2025-01-29 12:20:14.105563', 2, 11);
INSERT INTO Exame (id_exame, nome_exame, tipo_exame, data_realizacao, id_profissional, id_paciente) VALUES (96, 'Hemograma', 'Imagem', '2025-05-04 21:50:59.134128', 8, 43);
INSERT INTO Exame (id_exame, nome_exame, tipo_exame, data_realizacao, id_profissional, id_paciente) VALUES (97, 'Raio-X', 'Imagem', '2025-01-22 18:35:28.239785', 5, 7);
INSERT INTO Exame (id_exame, nome_exame, tipo_exame, data_realizacao, id_profissional, id_paciente) VALUES (98, 'Hemograma', 'Laboratorial', '2025-01-22 00:30:21.472296', 1, 27);
INSERT INTO Exame (id_exame, nome_exame, tipo_exame, data_realizacao, id_profissional, id_paciente) VALUES (99, 'Raio-X', 'Laboratorial', '2024-11-23 12:06:38.548766', 7, 37);
INSERT INTO Exame (id_exame, nome_exame, tipo_exame, data_realizacao, id_profissional, id_paciente) VALUES (100, 'Hemograma', 'Imagem', '2025-03-10 22:42:34.338220', 5, 47);
INSERT INTO Consulta (id_consulta, data, tipo, sintomas, pressao_arterial, id_paciente, id_profissional, id_unidade_saude) VALUES (1, '2025-04-03 21:30:04.401690', 'Emergência', 'Inventore provident quae iure quaerat.', '99/60', 16, 3, 2);
INSERT INTO Consulta (id_consulta, data, tipo, sintomas, pressao_arterial, id_paciente, id_profissional, id_unidade_saude) VALUES (2, '2025-02-23 01:20:21.965288', 'Primeira Consulta', 'Sed earum maiores dolorem consectetur eligendi.', '110/86', 19, 4, 1);
INSERT INTO Consulta (id_consulta, data, tipo, sintomas, pressao_arterial, id_paciente, id_profissional, id_unidade_saude) VALUES (3, '2025-04-29 12:47:02.732031', 'Primeira Consulta', 'Eaque consequuntur eos ratione sunt corrupti.', '119/55', 9, 7, 3);
INSERT INTO Consulta (id_consulta, data, tipo, sintomas, pressao_arterial, id_paciente, id_profissional, id_unidade_saude) VALUES (4, '2025-05-08 22:44:25.346266', 'Retorno', 'Expedita cupiditate quod totam neque harum inventore.', '137/70', 46, 2, 3);
INSERT INTO Consulta (id_consulta, data, tipo, sintomas, pressao_arterial, id_paciente, id_profissional, id_unidade_saude) VALUES (5, '2024-12-24 18:36:45.316819', 'Retorno', 'Ea quia reprehenderit numquam repellat placeat iste.', '94/84', 7, 10, 5);
INSERT INTO Consulta (id_consulta, data, tipo, sintomas, pressao_arterial, id_paciente, id_profissional, id_unidade_saude) VALUES (6, '2025-02-24 22:44:22.049807', 'Emergência', 'Molestiae excepturi asperiores sapiente consequatur dolorem.', '123/66', 37, 1, 3);
INSERT INTO Consulta (id_consulta, data, tipo, sintomas, pressao_arterial, id_paciente, id_profissional, id_unidade_saude) VALUES (7, '2025-02-01 00:45:19.760131', 'Retorno', 'Recusandae recusandae tempora voluptatibus eos fugiat exercitationem.', '95/58', 5, 6, 4);
INSERT INTO Consulta (id_consulta, data, tipo, sintomas, pressao_arterial, id_paciente, id_profissional, id_unidade_saude) VALUES (8, '2024-12-25 09:52:23.514457', 'Retorno', 'Quae nobis fuga porro.', '105/82', 18, 1, 3);
INSERT INTO Consulta (id_consulta, data, tipo, sintomas, pressao_arterial, id_paciente, id_profissional, id_unidade_saude) VALUES (9, '2024-12-23 05:35:51.891937', 'Primeira Consulta', 'Ipsam eveniet dolore molestiae exercitationem laudantium sunt.', '123/60', 46, 2, 2);
INSERT INTO Consulta (id_consulta, data, tipo, sintomas, pressao_arterial, id_paciente, id_profissional, id_unidade_saude) VALUES (10, '2025-02-20 09:02:31.057903', 'Retorno', 'Neque perspiciatis placeat sequi.', '134/67', 30, 1, 2);
INSERT INTO Consulta (id_consulta, data, tipo, sintomas, pressao_arterial, id_paciente, id_profissional, id_unidade_saude) VALUES (11, '2024-11-09 19:53:19.314225', 'Primeira Consulta', 'Velit ab vero reprehenderit eum ut delectus eaque.', '100/86', 31, 6, 3);
INSERT INTO Consulta (id_consulta, data, tipo, sintomas, pressao_arterial, id_paciente, id_profissional, id_unidade_saude) VALUES (12, '2025-02-15 16:20:20.430830', 'Emergência', 'Reiciendis deleniti amet tenetur totam minus molestiae.', '106/50', 30, 10, 5);
INSERT INTO Consulta (id_consulta, data, tipo, sintomas, pressao_arterial, id_paciente, id_profissional, id_unidade_saude) VALUES (13, '2025-01-21 14:09:59.882019', 'Primeira Consulta', 'Neque cupiditate voluptate.', '110/76', 8, 2, 2);
INSERT INTO Consulta (id_consulta, data, tipo, sintomas, pressao_arterial, id_paciente, id_profissional, id_unidade_saude) VALUES (14, '2025-04-23 02:26:46.179415', 'Primeira Consulta', 'Excepturi in aliquam maxime repudiandae accusantium at.', '105/55', 6, 8, 4);
INSERT INTO Consulta (id_consulta, data, tipo, sintomas, pressao_arterial, id_paciente, id_profissional, id_unidade_saude) VALUES (15, '2024-12-18 10:31:03.538658', 'Retorno', 'Minima libero illo repellat deleniti pariatur.', '105/57', 5, 3, 1);
INSERT INTO Consulta (id_consulta, data, tipo, sintomas, pressao_arterial, id_paciente, id_profissional, id_unidade_saude) VALUES (16, '2024-12-21 13:09:05.931652', 'Retorno', 'Sequi quae assumenda illum natus porro.', '129/83', 43, 9, 4);
INSERT INTO Consulta (id_consulta, data, tipo, sintomas, pressao_arterial, id_paciente, id_profissional, id_unidade_saude) VALUES (17, '2025-01-06 18:30:25.107605', 'Retorno', 'Recusandae consectetur dolor commodi minima alias.', '140/83', 35, 6, 2);
INSERT INTO Consulta (id_consulta, data, tipo, sintomas, pressao_arterial, id_paciente, id_profissional, id_unidade_saude) VALUES (18, '2025-02-12 22:44:43.224828', 'Retorno', 'Facere amet delectus sapiente culpa.', '125/72', 3, 8, 5);
INSERT INTO Consulta (id_consulta, data, tipo, sintomas, pressao_arterial, id_paciente, id_profissional, id_unidade_saude) VALUES (19, '2024-11-20 13:09:29.598985', 'Primeira Consulta', 'Suscipit natus optio fugiat enim.', '105/88', 38, 4, 5);
INSERT INTO Consulta (id_consulta, data, tipo, sintomas, pressao_arterial, id_paciente, id_profissional, id_unidade_saude) VALUES (20, '2024-12-08 00:02:57.547222', 'Emergência', 'Sit a libero repellat.', '103/61', 50, 4, 1);
INSERT INTO Consulta (id_consulta, data, tipo, sintomas, pressao_arterial, id_paciente, id_profissional, id_unidade_saude) VALUES (21, '2025-05-05 17:33:48.025349', 'Primeira Consulta', 'Expedita dicta officia ratione ad asperiores reiciendis.', '106/71', 7, 2, 2);
INSERT INTO Consulta (id_consulta, data, tipo, sintomas, pressao_arterial, id_paciente, id_profissional, id_unidade_saude) VALUES (22, '2025-04-10 22:13:25.985477', 'Primeira Consulta', 'Saepe minus doloribus eligendi repudiandae.', '134/72', 27, 4, 1);
INSERT INTO Consulta (id_consulta, data, tipo, sintomas, pressao_arterial, id_paciente, id_profissional, id_unidade_saude) VALUES (23, '2025-05-04 16:34:43.045219', 'Primeira Consulta', 'Dolorum omnis esse laboriosam.', '87/60', 14, 4, 5);
INSERT INTO Consulta (id_consulta, data, tipo, sintomas, pressao_arterial, id_paciente, id_profissional, id_unidade_saude) VALUES (24, '2025-03-03 19:05:38.668107', 'Primeira Consulta', 'Eaque harum sunt sapiente quos animi.', '106/65', 42, 2, 1);
INSERT INTO Consulta (id_consulta, data, tipo, sintomas, pressao_arterial, id_paciente, id_profissional, id_unidade_saude) VALUES (25, '2025-02-28 00:30:37.770938', 'Retorno', 'Consectetur dolorum id.', '124/70', 22, 2, 4);
INSERT INTO Consulta (id_consulta, data, tipo, sintomas, pressao_arterial, id_paciente, id_profissional, id_unidade_saude) VALUES (26, '2025-01-23 16:47:05.761863', 'Retorno', 'Quo quos distinctio possimus.', '98/76', 8, 10, 5);
INSERT INTO Consulta (id_consulta, data, tipo, sintomas, pressao_arterial, id_paciente, id_profissional, id_unidade_saude) VALUES (27, '2025-05-04 04:03:34.831557', 'Emergência', 'Iure porro amet minima voluptate.', '89/89', 3, 7, 3);
INSERT INTO Consulta (id_consulta, data, tipo, sintomas, pressao_arterial, id_paciente, id_profissional, id_unidade_saude) VALUES (28, '2025-03-21 10:56:54.971934', 'Retorno', 'Saepe qui rem veniam ut voluptate esse.', '82/83', 50, 8, 4);
INSERT INTO Consulta (id_consulta, data, tipo, sintomas, pressao_arterial, id_paciente, id_profissional, id_unidade_saude) VALUES (29, '2024-11-20 04:41:55.245349', 'Primeira Consulta', 'Velit numquam alias iusto.', '127/51', 31, 5, 1);
INSERT INTO Consulta (id_consulta, data, tipo, sintomas, pressao_arterial, id_paciente, id_profissional, id_unidade_saude) VALUES (30, '2024-12-22 19:24:16.822706', 'Emergência', 'Expedita vero quia aspernatur quam.', '90/64', 30, 3, 2);
INSERT INTO Consulta (id_consulta, data, tipo, sintomas, pressao_arterial, id_paciente, id_profissional, id_unidade_saude) VALUES (31, '2025-02-26 22:00:40.072075', 'Emergência', 'Alias qui fugiat quas.', '105/67', 40, 5, 1);
INSERT INTO Consulta (id_consulta, data, tipo, sintomas, pressao_arterial, id_paciente, id_profissional, id_unidade_saude) VALUES (32, '2025-03-17 08:53:58.810822', 'Retorno', 'Nam voluptate consequatur illum.', '133/67', 8, 9, 1);
INSERT INTO Consulta (id_consulta, data, tipo, sintomas, pressao_arterial, id_paciente, id_profissional, id_unidade_saude) VALUES (33, '2024-12-14 13:20:57.870815', 'Retorno', 'Labore maxime reiciendis fugit doloribus.', '108/52', 29, 8, 2);
INSERT INTO Consulta (id_consulta, data, tipo, sintomas, pressao_arterial, id_paciente, id_profissional, id_unidade_saude) VALUES (34, '2024-12-27 05:59:52.765045', 'Retorno', 'Sequi unde officiis fugiat.', '138/65', 22, 8, 1);
INSERT INTO Consulta (id_consulta, data, tipo, sintomas, pressao_arterial, id_paciente, id_profissional, id_unidade_saude) VALUES (35, '2025-04-22 09:43:45.630818', 'Emergência', 'Quae ab illo veritatis numquam facere.', '96/89', 33, 3, 5);
INSERT INTO Consulta (id_consulta, data, tipo, sintomas, pressao_arterial, id_paciente, id_profissional, id_unidade_saude) VALUES (36, '2025-04-22 08:25:40.429295', 'Emergência', 'Eum libero numquam facere dolorum.', '103/76', 18, 2, 2);
INSERT INTO Consulta (id_consulta, data, tipo, sintomas, pressao_arterial, id_paciente, id_profissional, id_unidade_saude) VALUES (37, '2024-11-24 14:35:05.505146', 'Emergência', 'Dolorem nisi error ab magnam soluta.', '107/60', 38, 2, 5);
INSERT INTO Consulta (id_consulta, data, tipo, sintomas, pressao_arterial, id_paciente, id_profissional, id_unidade_saude) VALUES (38, '2024-12-26 21:31:21.533762', 'Retorno', 'Maxime commodi aperiam voluptatem aut earum.', '125/89', 26, 6, 2);
INSERT INTO Consulta (id_consulta, data, tipo, sintomas, pressao_arterial, id_paciente, id_profissional, id_unidade_saude) VALUES (39, '2024-11-10 09:51:33.882943', 'Emergência', 'Et sed aut velit porro.', '105/75', 17, 9, 5);
INSERT INTO Consulta (id_consulta, data, tipo, sintomas, pressao_arterial, id_paciente, id_profissional, id_unidade_saude) VALUES (40, '2025-04-07 04:17:33.153389', 'Primeira Consulta', 'Vero et corporis explicabo libero veniam.', '84/89', 9, 10, 5);
INSERT INTO Consulta (id_consulta, data, tipo, sintomas, pressao_arterial, id_paciente, id_profissional, id_unidade_saude) VALUES (41, '2025-02-16 21:17:39.721278', 'Emergência', 'Magnam ipsa deleniti debitis placeat.', '112/85', 46, 3, 3);
INSERT INTO Consulta (id_consulta, data, tipo, sintomas, pressao_arterial, id_paciente, id_profissional, id_unidade_saude) VALUES (42, '2025-03-09 14:47:39.228948', 'Primeira Consulta', 'Assumenda magnam placeat dolores rem tempora laborum.', '100/86', 23, 2, 3);
INSERT INTO Consulta (id_consulta, data, tipo, sintomas, pressao_arterial, id_paciente, id_profissional, id_unidade_saude) VALUES (43, '2024-11-12 03:00:53.949811', 'Emergência', 'Asperiores magnam possimus reprehenderit consequatur optio possimus.', '124/89', 37, 4, 1);
INSERT INTO Consulta (id_consulta, data, tipo, sintomas, pressao_arterial, id_paciente, id_profissional, id_unidade_saude) VALUES (44, '2025-03-01 14:01:05.102215', 'Primeira Consulta', 'Hic temporibus occaecati maiores fugit enim.', '111/89', 25, 7, 5);
INSERT INTO Consulta (id_consulta, data, tipo, sintomas, pressao_arterial, id_paciente, id_profissional, id_unidade_saude) VALUES (45, '2025-01-24 13:55:38.833524', 'Emergência', 'Voluptates officia quasi laudantium rem.', '113/71', 22, 2, 4);
INSERT INTO Consulta (id_consulta, data, tipo, sintomas, pressao_arterial, id_paciente, id_profissional, id_unidade_saude) VALUES (46, '2025-02-01 12:42:40.762809', 'Retorno', 'Officia cupiditate error magnam culpa laborum saepe corrupti.', '103/87', 25, 4, 3);
INSERT INTO Consulta (id_consulta, data, tipo, sintomas, pressao_arterial, id_paciente, id_profissional, id_unidade_saude) VALUES (47, '2024-12-14 15:38:01.673571', 'Emergência', 'Rem autem dicta architecto fuga.', '108/90', 19, 9, 5);
INSERT INTO Consulta (id_consulta, data, tipo, sintomas, pressao_arterial, id_paciente, id_profissional, id_unidade_saude) VALUES (48, '2025-02-14 10:18:04.140317', 'Emergência', 'Eligendi corporis ducimus vero deserunt magnam.', '88/64', 42, 4, 5);
INSERT INTO Consulta (id_consulta, data, tipo, sintomas, pressao_arterial, id_paciente, id_profissional, id_unidade_saude) VALUES (49, '2025-01-19 16:13:50.657220', 'Emergência', 'Cum recusandae eligendi ratione.', '112/60', 26, 8, 5);
INSERT INTO Consulta (id_consulta, data, tipo, sintomas, pressao_arterial, id_paciente, id_profissional, id_unidade_saude) VALUES (50, '2025-05-05 05:32:01.411016', 'Emergência', 'Repellendus aliquid veritatis repellat veritatis recusandae repellat.', '83/76', 26, 2, 1);
INSERT INTO Consulta (id_consulta, data, tipo, sintomas, pressao_arterial, id_paciente, id_profissional, id_unidade_saude) VALUES (51, '2025-02-13 12:18:06.321737', 'Primeira Consulta', 'Amet tenetur repellat blanditiis.', '135/58', 34, 2, 2);
INSERT INTO Consulta (id_consulta, data, tipo, sintomas, pressao_arterial, id_paciente, id_profissional, id_unidade_saude) VALUES (52, '2025-01-02 09:25:04.168805', 'Retorno', 'Similique voluptatem quos ea.', '102/79', 2, 8, 5);
INSERT INTO Consulta (id_consulta, data, tipo, sintomas, pressao_arterial, id_paciente, id_profissional, id_unidade_saude) VALUES (53, '2025-01-25 17:43:33.216006', 'Primeira Consulta', 'Beatae quam doloremque repellendus sunt.', '107/54', 31, 10, 5);
INSERT INTO Consulta (id_consulta, data, tipo, sintomas, pressao_arterial, id_paciente, id_profissional, id_unidade_saude) VALUES (54, '2024-12-02 14:51:50.032369', 'Primeira Consulta', 'Placeat tempore explicabo rerum.', '85/54', 20, 10, 5);
INSERT INTO Consulta (id_consulta, data, tipo, sintomas, pressao_arterial, id_paciente, id_profissional, id_unidade_saude) VALUES (55, '2025-04-27 13:20:53.432248', 'Primeira Consulta', 'Vitae incidunt voluptatem.', '94/75', 43, 3, 4);
INSERT INTO Consulta (id_consulta, data, tipo, sintomas, pressao_arterial, id_paciente, id_profissional, id_unidade_saude) VALUES (56, '2025-03-31 06:15:43.980106', 'Emergência', 'Commodi doloremque totam.', '132/76', 40, 2, 5);
INSERT INTO Consulta (id_consulta, data, tipo, sintomas, pressao_arterial, id_paciente, id_profissional, id_unidade_saude) VALUES (57, '2025-04-19 00:26:35.050575', 'Primeira Consulta', 'A iusto totam deserunt repellat numquam maiores.', '129/62', 37, 8, 1);
INSERT INTO Consulta (id_consulta, data, tipo, sintomas, pressao_arterial, id_paciente, id_profissional, id_unidade_saude) VALUES (58, '2025-01-22 21:20:02.313777', 'Primeira Consulta', 'Earum mollitia fugiat ad fuga libero vitae.', '108/61', 49, 7, 3);
INSERT INTO Consulta (id_consulta, data, tipo, sintomas, pressao_arterial, id_paciente, id_profissional, id_unidade_saude) VALUES (59, '2025-01-27 05:51:14.942780', 'Emergência', 'Impedit eos unde quod quod doloremque.', '109/85', 20, 1, 4);
INSERT INTO Consulta (id_consulta, data, tipo, sintomas, pressao_arterial, id_paciente, id_profissional, id_unidade_saude) VALUES (60, '2025-01-10 02:46:11.732565', 'Retorno', 'Repellendus qui doloremque nihil corrupti non.', '100/59', 37, 3, 1);
INSERT INTO Consulta (id_consulta, data, tipo, sintomas, pressao_arterial, id_paciente, id_profissional, id_unidade_saude) VALUES (61, '2025-01-20 15:12:43.117725', 'Primeira Consulta', 'Neque nihil excepturi assumenda earum aliquid.', '86/51', 46, 10, 3);
INSERT INTO Consulta (id_consulta, data, tipo, sintomas, pressao_arterial, id_paciente, id_profissional, id_unidade_saude) VALUES (62, '2024-11-27 19:44:42.278350', 'Primeira Consulta', 'Possimus consequuntur officiis sit quis at.', '130/64', 29, 3, 1);
INSERT INTO Consulta (id_consulta, data, tipo, sintomas, pressao_arterial, id_paciente, id_profissional, id_unidade_saude) VALUES (63, '2025-03-13 04:34:27.914232', 'Primeira Consulta', 'Aperiam occaecati officia doloribus omnis veritatis voluptatum.', '139/69', 17, 10, 3);
INSERT INTO Consulta (id_consulta, data, tipo, sintomas, pressao_arterial, id_paciente, id_profissional, id_unidade_saude) VALUES (64, '2025-01-27 01:01:31.063504', 'Retorno', 'Sit nulla aperiam id debitis.', '90/85', 23, 4, 2);
INSERT INTO Consulta (id_consulta, data, tipo, sintomas, pressao_arterial, id_paciente, id_profissional, id_unidade_saude) VALUES (65, '2025-02-24 07:51:11.369167', 'Retorno', 'Repellendus pariatur facere repellat adipisci quaerat maiores alias.', '94/66', 16, 6, 4);
INSERT INTO Consulta (id_consulta, data, tipo, sintomas, pressao_arterial, id_paciente, id_profissional, id_unidade_saude) VALUES (66, '2024-12-01 23:51:30.115148', 'Primeira Consulta', 'In ab soluta impedit enim quo.', '107/63', 14, 7, 3);
INSERT INTO Consulta (id_consulta, data, tipo, sintomas, pressao_arterial, id_paciente, id_profissional, id_unidade_saude) VALUES (67, '2025-02-11 06:02:23.367342', 'Emergência', 'Enim sed velit laudantium id labore repudiandae nam.', '102/63', 42, 1, 2);
INSERT INTO Consulta (id_consulta, data, tipo, sintomas, pressao_arterial, id_paciente, id_profissional, id_unidade_saude) VALUES (68, '2024-11-27 15:23:48.263208', 'Primeira Consulta', 'Nam quod maxime tempore velit omnis quas.', '131/85', 5, 6, 1);
INSERT INTO Consulta (id_consulta, data, tipo, sintomas, pressao_arterial, id_paciente, id_profissional, id_unidade_saude) VALUES (69, '2025-04-28 05:13:36.016432', 'Retorno', 'Exercitationem sunt quos quo beatae iure.', '109/80', 4, 6, 2);
INSERT INTO Consulta (id_consulta, data, tipo, sintomas, pressao_arterial, id_paciente, id_profissional, id_unidade_saude) VALUES (70, '2024-12-11 14:13:52.177310', 'Emergência', 'Modi at quisquam nam alias quidem occaecati vitae.', '90/51', 9, 10, 3);
INSERT INTO Consulta (id_consulta, data, tipo, sintomas, pressao_arterial, id_paciente, id_profissional, id_unidade_saude) VALUES (71, '2024-12-01 09:34:32.491624', 'Emergência', 'Rem assumenda quam quisquam voluptatem maxime pariatur.', '140/68', 15, 3, 2);
INSERT INTO Consulta (id_consulta, data, tipo, sintomas, pressao_arterial, id_paciente, id_profissional, id_unidade_saude) VALUES (72, '2025-03-29 06:30:00.528782', 'Primeira Consulta', 'Ut assumenda vitae odit quos totam exercitationem sed.', '139/73', 6, 8, 5);
INSERT INTO Consulta (id_consulta, data, tipo, sintomas, pressao_arterial, id_paciente, id_profissional, id_unidade_saude) VALUES (73, '2024-11-18 13:28:18.491503', 'Primeira Consulta', 'Veniam numquam cumque aperiam dolores.', '104/69', 16, 5, 2);
INSERT INTO Consulta (id_consulta, data, tipo, sintomas, pressao_arterial, id_paciente, id_profissional, id_unidade_saude) VALUES (74, '2025-02-24 07:40:37.604576', 'Retorno', 'Ut iure nostrum iste alias reiciendis.', '91/62', 48, 7, 5);
INSERT INTO Consulta (id_consulta, data, tipo, sintomas, pressao_arterial, id_paciente, id_profissional, id_unidade_saude) VALUES (75, '2025-01-28 19:08:37.739120', 'Emergência', 'Sapiente illum sit occaecati ipsum.', '84/62', 18, 3, 2);
INSERT INTO Consulta (id_consulta, data, tipo, sintomas, pressao_arterial, id_paciente, id_profissional, id_unidade_saude) VALUES (76, '2025-01-01 23:16:06.793224', 'Retorno', 'Eius consequuntur eum suscipit aliquam quaerat.', '105/61', 48, 9, 4);
INSERT INTO Consulta (id_consulta, data, tipo, sintomas, pressao_arterial, id_paciente, id_profissional, id_unidade_saude) VALUES (77, '2025-01-04 09:54:24.685403', 'Emergência', 'Accusamus sed temporibus magnam soluta.', '88/64', 47, 5, 1);
INSERT INTO Consulta (id_consulta, data, tipo, sintomas, pressao_arterial, id_paciente, id_profissional, id_unidade_saude) VALUES (78, '2024-12-07 11:02:39.212517', 'Retorno', 'Sunt blanditiis vitae cum maxime perspiciatis optio.', '133/61', 38, 6, 1);
INSERT INTO Consulta (id_consulta, data, tipo, sintomas, pressao_arterial, id_paciente, id_profissional, id_unidade_saude) VALUES (79, '2025-01-24 10:09:52.126987', 'Retorno', 'Ratione eaque voluptatibus aut id.', '88/79', 47, 3, 1);
INSERT INTO Consulta (id_consulta, data, tipo, sintomas, pressao_arterial, id_paciente, id_profissional, id_unidade_saude) VALUES (80, '2025-02-14 07:23:35.005733', 'Retorno', 'Asperiores aperiam laboriosam itaque vero.', '117/65', 43, 2, 4);
INSERT INTO Consulta (id_consulta, data, tipo, sintomas, pressao_arterial, id_paciente, id_profissional, id_unidade_saude) VALUES (81, '2025-02-09 14:50:22.543097', 'Emergência', 'Nisi sit quasi doloribus sit.', '81/57', 45, 10, 3);
INSERT INTO Consulta (id_consulta, data, tipo, sintomas, pressao_arterial, id_paciente, id_profissional, id_unidade_saude) VALUES (82, '2024-12-24 10:26:03.047383', 'Emergência', 'Occaecati cumque accusamus nobis quo fugiat reiciendis.', '113/72', 43, 9, 2);
INSERT INTO Consulta (id_consulta, data, tipo, sintomas, pressao_arterial, id_paciente, id_profissional, id_unidade_saude) VALUES (83, '2024-12-25 19:12:47.787049', 'Retorno', 'In autem culpa molestias quaerat beatae nemo ullam.', '105/50', 9, 8, 2);
INSERT INTO Consulta (id_consulta, data, tipo, sintomas, pressao_arterial, id_paciente, id_profissional, id_unidade_saude) VALUES (84, '2025-03-03 15:17:06.138828', 'Primeira Consulta', 'Tempore voluptate quis nulla.', '84/62', 43, 9, 5);
INSERT INTO Consulta (id_consulta, data, tipo, sintomas, pressao_arterial, id_paciente, id_profissional, id_unidade_saude) VALUES (85, '2025-04-13 01:52:37.556037', 'Primeira Consulta', 'Atque amet corporis accusantium veniam laudantium.', '84/87', 5, 1, 4);
INSERT INTO Consulta (id_consulta, data, tipo, sintomas, pressao_arterial, id_paciente, id_profissional, id_unidade_saude) VALUES (86, '2025-03-06 22:10:18.752275', 'Emergência', 'Ipsa quis deserunt.', '119/61', 44, 7, 5);
INSERT INTO Consulta (id_consulta, data, tipo, sintomas, pressao_arterial, id_paciente, id_profissional, id_unidade_saude) VALUES (87, '2024-12-21 05:02:17.940580', 'Retorno', 'Necessitatibus vel delectus numquam consectetur numquam.', '125/67', 22, 3, 2);
INSERT INTO Consulta (id_consulta, data, tipo, sintomas, pressao_arterial, id_paciente, id_profissional, id_unidade_saude) VALUES (88, '2025-04-11 18:19:43.572427', 'Retorno', 'Aliquid fuga repellendus hic quis.', '102/73', 20, 4, 2);
INSERT INTO Consulta (id_consulta, data, tipo, sintomas, pressao_arterial, id_paciente, id_profissional, id_unidade_saude) VALUES (89, '2025-04-11 00:39:18.489491', 'Retorno', 'Quibusdam sunt asperiores necessitatibus.', '122/86', 24, 4, 1);
INSERT INTO Consulta (id_consulta, data, tipo, sintomas, pressao_arterial, id_paciente, id_profissional, id_unidade_saude) VALUES (90, '2025-02-25 12:45:11.231044', 'Retorno', 'Ex officia rerum modi officia culpa dignissimos excepturi.', '96/89', 20, 4, 3);
INSERT INTO Consulta (id_consulta, data, tipo, sintomas, pressao_arterial, id_paciente, id_profissional, id_unidade_saude) VALUES (91, '2025-05-06 03:51:59.306387', 'Retorno', 'Ipsa voluptate quam praesentium maiores architecto vel enim.', '140/79', 10, 9, 2);
INSERT INTO Consulta (id_consulta, data, tipo, sintomas, pressao_arterial, id_paciente, id_profissional, id_unidade_saude) VALUES (92, '2025-02-19 12:22:18.333310', 'Retorno', 'Est nihil est ratione repudiandae exercitationem illo.', '129/55', 26, 7, 4);
INSERT INTO Consulta (id_consulta, data, tipo, sintomas, pressao_arterial, id_paciente, id_profissional, id_unidade_saude) VALUES (93, '2025-04-15 14:16:30.991478', 'Primeira Consulta', 'Dignissimos enim accusantium voluptate fugit aliquam doloremque.', '108/75', 36, 7, 2);
INSERT INTO Consulta (id_consulta, data, tipo, sintomas, pressao_arterial, id_paciente, id_profissional, id_unidade_saude) VALUES (94, '2025-02-21 19:41:55.269189', 'Emergência', 'Odio enim animi cumque sunt aut dolore.', '91/87', 26, 4, 1);
INSERT INTO Consulta (id_consulta, data, tipo, sintomas, pressao_arterial, id_paciente, id_profissional, id_unidade_saude) VALUES (95, '2024-12-05 21:19:10.406273', 'Emergência', 'Doloribus pariatur asperiores quisquam hic ad voluptatibus.', '132/54', 17, 6, 4);
INSERT INTO Consulta (id_consulta, data, tipo, sintomas, pressao_arterial, id_paciente, id_profissional, id_unidade_saude) VALUES (96, '2025-04-19 06:30:15.611145', 'Emergência', 'Optio incidunt laborum sunt facere repellat.', '89/62', 19, 4, 3);
INSERT INTO Consulta (id_consulta, data, tipo, sintomas, pressao_arterial, id_paciente, id_profissional, id_unidade_saude) VALUES (97, '2025-05-02 20:17:25.206734', 'Primeira Consulta', 'Accusantium est illo voluptates perspiciatis sequi.', '82/56', 16, 4, 1);
INSERT INTO Consulta (id_consulta, data, tipo, sintomas, pressao_arterial, id_paciente, id_profissional, id_unidade_saude) VALUES (98, '2025-02-04 09:28:33.711869', 'Emergência', 'Voluptatibus voluptate minima deleniti velit eaque quibusdam.', '126/83', 39, 2, 4);
INSERT INTO Consulta (id_consulta, data, tipo, sintomas, pressao_arterial, id_paciente, id_profissional, id_unidade_saude) VALUES (99, '2024-12-22 19:12:33.940211', 'Emergência', 'Non veritatis libero quis.', '137/73', 46, 8, 2);
INSERT INTO Consulta (id_consulta, data, tipo, sintomas, pressao_arterial, id_paciente, id_profissional, id_unidade_saude) VALUES (100, '2025-03-01 06:08:19.106210', 'Primeira Consulta', 'Ex impedit sed cupiditate.', '102/89', 44, 8, 3);