DELETE FROM Consulta;
DELETE FROM Exame;
DELETE FROM Unidade_Saude;
DELETE FROM Paciente;
DELETE FROM Profissional_Saude;
INSERT INTO Profissional_Saude (id_profissional, nome, cargo, tipo_registro, registro_conselho) VALUES (1, 'Srta. Ana Mendonça', 'Enfermeiro', 'CRM', 'df-13155');
INSERT INTO Profissional_Saude (id_profissional, nome, cargo, tipo_registro, registro_conselho) VALUES (2, 'Ana Luiza Nascimento', 'Cardiologista', 'CRF', 'eT-98421');
INSERT INTO Profissional_Saude (id_profissional, nome, cargo, tipo_registro, registro_conselho) VALUES (3, 'Bento Silva', 'Clínico Geral', 'COREN', 'Ys-43023');
INSERT INTO Profissional_Saude (id_profissional, nome, cargo, tipo_registro, registro_conselho) VALUES (4, 'Paulo da Paz', 'Clínico Geral', 'CRF', 'RK-41746');
INSERT INTO Profissional_Saude (id_profissional, nome, cargo, tipo_registro, registro_conselho) VALUES (5, 'Emanuel Sales', 'Pediatra', 'CRO', 'mP-07338');
INSERT INTO Profissional_Saude (id_profissional, nome, cargo, tipo_registro, registro_conselho) VALUES (6, 'Sr. Théo Costela', 'Pediatra', 'COREN', 'Wu-25412');
INSERT INTO Profissional_Saude (id_profissional, nome, cargo, tipo_registro, registro_conselho) VALUES (7, 'João Felipe Câmara', 'Enfermeiro', 'CRF', 'nV-20733');
INSERT INTO Profissional_Saude (id_profissional, nome, cargo, tipo_registro, registro_conselho) VALUES (8, 'Dra. Maitê Farias', 'Enfermeiro', 'CRM', 'XR-09341');
INSERT INTO Profissional_Saude (id_profissional, nome, cargo, tipo_registro, registro_conselho) VALUES (9, 'Maria Vitória da Rosa', 'Enfermeiro', 'COREN', 'ww-39279');
INSERT INTO Profissional_Saude (id_profissional, nome, cargo, tipo_registro, registro_conselho) VALUES (10, 'Joana Martins', 'Pediatra', 'CRO', 'oi-74897');
INSERT INTO Paciente (id_paciente, cpf, nome, data_nascimento, sexo) VALUES (1, '84506723171', 'Theo Souza', '1953-03-23', 'F');
INSERT INTO Paciente (id_paciente, cpf, nome, data_nascimento, sexo) VALUES (2, '58310729405', 'João Lucas Ferreira', '2018-06-15', 'M');
INSERT INTO Paciente (id_paciente, cpf, nome, data_nascimento, sexo) VALUES (3, '40357198620', 'Clarice da Costa', '1950-09-08', 'M');
INSERT INTO Paciente (id_paciente, cpf, nome, data_nascimento, sexo) VALUES (4, '07569123859', 'Vitória Andrade', '1938-12-13', 'O');
INSERT INTO Paciente (id_paciente, cpf, nome, data_nascimento, sexo) VALUES (5, '30846271508', 'Yago Castro', '1977-11-18', 'O');
INSERT INTO Paciente (id_paciente, cpf, nome, data_nascimento, sexo) VALUES (6, '94037812622', 'Davi Lucas Melo', '1958-07-26', 'F');
INSERT INTO Paciente (id_paciente, cpf, nome, data_nascimento, sexo) VALUES (7, '39012567416', 'Sra. Eloah Moreira', '1959-12-15', 'F');
INSERT INTO Paciente (id_paciente, cpf, nome, data_nascimento, sexo) VALUES (8, '72648951300', 'Noah Cavalcante', '1971-12-23', 'O');
INSERT INTO Paciente (id_paciente, cpf, nome, data_nascimento, sexo) VALUES (9, '95628471011', 'Melina da Mota', '1957-10-31', 'O');
INSERT INTO Paciente (id_paciente, cpf, nome, data_nascimento, sexo) VALUES (10, '20194738523', 'Leonardo Monteiro', '1988-07-16', 'F');
INSERT INTO Paciente (id_paciente, cpf, nome, data_nascimento, sexo) VALUES (11, '53601478900', 'Luiz Fernando Martins', '1935-04-24', 'F');
INSERT INTO Paciente (id_paciente, cpf, nome, data_nascimento, sexo) VALUES (12, '25187346946', 'Dr. Bruno Pimenta', '1980-04-01', 'O');
INSERT INTO Paciente (id_paciente, cpf, nome, data_nascimento, sexo) VALUES (13, '41309652805', 'Maitê da Rocha', '2013-06-02', 'O');
INSERT INTO Paciente (id_paciente, cpf, nome, data_nascimento, sexo) VALUES (14, '60578129485', 'Dr. Augusto Nascimento', '1992-12-24', 'M');
INSERT INTO Paciente (id_paciente, cpf, nome, data_nascimento, sexo) VALUES (15, '93824761050', 'Marcela Fonseca', '2017-01-25', 'M');
INSERT INTO Paciente (id_paciente, cpf, nome, data_nascimento, sexo) VALUES (16, '30927145804', 'Rael Fonseca', '1962-08-24', 'O');
INSERT INTO Paciente (id_paciente, cpf, nome, data_nascimento, sexo) VALUES (17, '31540927652', 'Vitor Brito', '1967-11-14', 'F');
INSERT INTO Paciente (id_paciente, cpf, nome, data_nascimento, sexo) VALUES (18, '94817062576', 'Maria Eduarda Duarte', '2004-10-22', 'O');
INSERT INTO Paciente (id_paciente, cpf, nome, data_nascimento, sexo) VALUES (19, '84265107958', 'Eloah Silva', '1988-09-21', 'O');
INSERT INTO Paciente (id_paciente, cpf, nome, data_nascimento, sexo) VALUES (20, '27103548617', 'Dr. José Moura', '1943-01-26', 'O');
INSERT INTO Paciente (id_paciente, cpf, nome, data_nascimento, sexo) VALUES (21, '54971068201', 'Dr. Raul Nogueira', '1940-10-05', 'O');
INSERT INTO Paciente (id_paciente, cpf, nome, data_nascimento, sexo) VALUES (22, '18049367584', 'Beatriz Oliveira', '1940-04-06', 'O');
INSERT INTO Paciente (id_paciente, cpf, nome, data_nascimento, sexo) VALUES (23, '38201795695', 'Evelyn Porto', '1947-09-08', 'O');
INSERT INTO Paciente (id_paciente, cpf, nome, data_nascimento, sexo) VALUES (24, '45271309606', 'Pietro Sales', '1938-10-03', 'F');
INSERT INTO Paciente (id_paciente, cpf, nome, data_nascimento, sexo) VALUES (25, '42753108960', 'Maria Cavalcanti', '1944-08-04', 'F');
INSERT INTO Paciente (id_paciente, cpf, nome, data_nascimento, sexo) VALUES (26, '35241897682', 'Srta. Maria Fernanda Camargo', '2007-08-21', 'O');
INSERT INTO Paciente (id_paciente, cpf, nome, data_nascimento, sexo) VALUES (27, '40619327804', 'Lorenzo da Cunha', '2021-01-30', 'O');
INSERT INTO Paciente (id_paciente, cpf, nome, data_nascimento, sexo) VALUES (28, '26035487947', 'Antonella da Cunha', '1976-11-29', 'O');
INSERT INTO Paciente (id_paciente, cpf, nome, data_nascimento, sexo) VALUES (29, '10675394252', 'Alexia Pimenta', '2011-02-21', 'O');
INSERT INTO Paciente (id_paciente, cpf, nome, data_nascimento, sexo) VALUES (30, '04216859720', 'Mariah Câmara', '2003-07-09', 'F');
INSERT INTO Paciente (id_paciente, cpf, nome, data_nascimento, sexo) VALUES (31, '69205374199', 'Vitor Gabriel Costela', '1982-06-26', 'F');
INSERT INTO Paciente (id_paciente, cpf, nome, data_nascimento, sexo) VALUES (32, '75291834609', 'Ana Júlia Novaes', '2004-07-26', 'F');
INSERT INTO Paciente (id_paciente, cpf, nome, data_nascimento, sexo) VALUES (33, '38490617287', 'Raul Pimenta', '1995-10-21', 'M');
INSERT INTO Paciente (id_paciente, cpf, nome, data_nascimento, sexo) VALUES (34, '97014856294', 'Amanda Cunha', '1942-04-02', 'M');
INSERT INTO Paciente (id_paciente, cpf, nome, data_nascimento, sexo) VALUES (35, '90543812723', 'Davi Lucca Fogaça', '2018-02-27', 'O');
INSERT INTO Paciente (id_paciente, cpf, nome, data_nascimento, sexo) VALUES (36, '91470236869', 'Mateus Almeida', '2012-11-12', 'F');
INSERT INTO Paciente (id_paciente, cpf, nome, data_nascimento, sexo) VALUES (37, '43501629761', 'André Teixeira', '2002-05-12', 'M');
INSERT INTO Paciente (id_paciente, cpf, nome, data_nascimento, sexo) VALUES (38, '95283176002', 'Sra. Maria Laura Moura', '2000-04-17', 'O');
INSERT INTO Paciente (id_paciente, cpf, nome, data_nascimento, sexo) VALUES (39, '34758619093', 'Sr. Bento Casa Grande', '1951-03-07', 'F');
INSERT INTO Paciente (id_paciente, cpf, nome, data_nascimento, sexo) VALUES (40, '20614853753', 'Otto Aragão', '1988-11-15', 'O');
INSERT INTO Paciente (id_paciente, cpf, nome, data_nascimento, sexo) VALUES (41, '08391257479', 'Aurora da Mota', '1965-04-19', 'F');
INSERT INTO Paciente (id_paciente, cpf, nome, data_nascimento, sexo) VALUES (42, '19452360860', 'Maria Flor Lopes', '2004-09-19', 'M');
INSERT INTO Paciente (id_paciente, cpf, nome, data_nascimento, sexo) VALUES (43, '63740259116', 'Isabelly Guerra', '2023-11-16', 'M');
INSERT INTO Paciente (id_paciente, cpf, nome, data_nascimento, sexo) VALUES (44, '14250769801', 'Srta. Maria Isis Camargo', '2024-07-17', 'M');
INSERT INTO Paciente (id_paciente, cpf, nome, data_nascimento, sexo) VALUES (45, '42361905752', 'Eloá Aragão', '1955-04-15', 'O');
INSERT INTO Paciente (id_paciente, cpf, nome, data_nascimento, sexo) VALUES (46, '68947102369', 'Yan Silveira', '2012-07-08', 'F');
INSERT INTO Paciente (id_paciente, cpf, nome, data_nascimento, sexo) VALUES (47, '64305971801', 'Cauê Marques', '1990-10-04', 'O');
INSERT INTO Paciente (id_paciente, cpf, nome, data_nascimento, sexo) VALUES (48, '74809615375', 'Daniel Farias', '1948-09-01', 'M');
INSERT INTO Paciente (id_paciente, cpf, nome, data_nascimento, sexo) VALUES (49, '71980546258', 'Esther Rodrigues', '1971-03-25', 'M');
INSERT INTO Paciente (id_paciente, cpf, nome, data_nascimento, sexo) VALUES (50, '34792516846', 'Isaac Farias', '2016-11-07', 'O');
INSERT INTO Unidade_Saude (id_unidade_saude, nome, tipo_unidade, cidade, bairro) VALUES (1, 'UPA Cirino', 'UPA', 'Mendes', 'Área de Melo');
INSERT INTO Unidade_Saude (id_unidade_saude, nome, tipo_unidade, cidade, bairro) VALUES (2, 'Hospital Municipal Barbosa', 'Hospital Municipal', 'da Conceição', 'Trevo de Cardoso');
INSERT INTO Unidade_Saude (id_unidade_saude, nome, tipo_unidade, cidade, bairro) VALUES (3, 'UBS Rocha', 'UBS', 'Silveira das Pedras', 'Favela Martins');
INSERT INTO Unidade_Saude (id_unidade_saude, nome, tipo_unidade, cidade, bairro) VALUES (4, 'Pronto Socorro Martins das Pedras', 'Pronto Socorro', 'Viana', 'Quadra Sales');
INSERT INTO Unidade_Saude (id_unidade_saude, nome, tipo_unidade, cidade, bairro) VALUES (5, 'Pronto Socorro Albuquerque de Rezende', 'Pronto Socorro', 'Cardoso de Abreu', 'Lagoa Novais');
INSERT INTO Exame (id_exame, nome_exame, tipo_exame, data_realizacao, id_profissional, id_paciente) VALUES (1, 'Raio-X', 'Laboratorial', '2024-12-02 16:19:00.892989', 5, 3);
INSERT INTO Exame (id_exame, nome_exame, tipo_exame, data_realizacao, id_profissional, id_paciente) VALUES (2, 'Raio-X', 'Laboratorial', '2024-11-28 22:52:13.944882', 3, 13);
INSERT INTO Exame (id_exame, nome_exame, tipo_exame, data_realizacao, id_profissional, id_paciente) VALUES (3, 'Ultrassom', 'Imagem', '2025-02-28 10:21:22.218089', 2, 49);
INSERT INTO Exame (id_exame, nome_exame, tipo_exame, data_realizacao, id_profissional, id_paciente) VALUES (4, 'Hemograma', 'Laboratorial', '2025-01-18 07:46:32.827976', 6, 31);
INSERT INTO Exame (id_exame, nome_exame, tipo_exame, data_realizacao, id_profissional, id_paciente) VALUES (5, 'Raio-X', 'Imagem', '2025-02-23 13:01:21.238131', 5, 2);
INSERT INTO Exame (id_exame, nome_exame, tipo_exame, data_realizacao, id_profissional, id_paciente) VALUES (6, 'Raio-X', 'Imagem', '2025-04-29 12:47:27.523923', 10, 6);
INSERT INTO Exame (id_exame, nome_exame, tipo_exame, data_realizacao, id_profissional, id_paciente) VALUES (7, 'Raio-X', 'Imagem', '2024-11-25 22:42:32.706147', 1, 29);
INSERT INTO Exame (id_exame, nome_exame, tipo_exame, data_realizacao, id_profissional, id_paciente) VALUES (8, 'Raio-X', 'Imagem', '2025-04-10 06:57:51.645540', 6, 20);
INSERT INTO Exame (id_exame, nome_exame, tipo_exame, data_realizacao, id_profissional, id_paciente) VALUES (9, 'Hemograma', 'Imagem', '2025-04-07 15:09:02.596947', 2, 33);
INSERT INTO Exame (id_exame, nome_exame, tipo_exame, data_realizacao, id_profissional, id_paciente) VALUES (10, 'Eletrocardiograma', 'Laboratorial', '2025-01-17 18:21:56.685314', 6, 1);
INSERT INTO Exame (id_exame, nome_exame, tipo_exame, data_realizacao, id_profissional, id_paciente) VALUES (11, 'Eletrocardiograma', 'Imagem', '2025-02-05 09:54:36.152362', 6, 37);
INSERT INTO Exame (id_exame, nome_exame, tipo_exame, data_realizacao, id_profissional, id_paciente) VALUES (12, 'Hemograma', 'Laboratorial', '2025-03-15 21:57:27.687402', 7, 21);
INSERT INTO Exame (id_exame, nome_exame, tipo_exame, data_realizacao, id_profissional, id_paciente) VALUES (13, 'Eletrocardiograma', 'Imagem', '2024-11-22 21:55:24.223125', 7, 40);
INSERT INTO Exame (id_exame, nome_exame, tipo_exame, data_realizacao, id_profissional, id_paciente) VALUES (14, 'Hemograma', 'Imagem', '2025-04-12 23:33:06.162725', 4, 11);
INSERT INTO Exame (id_exame, nome_exame, tipo_exame, data_realizacao, id_profissional, id_paciente) VALUES (15, 'Ultrassom', 'Laboratorial', '2025-01-12 16:12:26.155084', 10, 15);
INSERT INTO Exame (id_exame, nome_exame, tipo_exame, data_realizacao, id_profissional, id_paciente) VALUES (16, 'Eletrocardiograma', 'Laboratorial', '2024-12-05 12:36:12.638615', 5, 28);
INSERT INTO Exame (id_exame, nome_exame, tipo_exame, data_realizacao, id_profissional, id_paciente) VALUES (17, 'Eletrocardiograma', 'Laboratorial', '2025-03-10 03:47:02.769209', 10, 2);
INSERT INTO Exame (id_exame, nome_exame, tipo_exame, data_realizacao, id_profissional, id_paciente) VALUES (18, 'Ultrassom', 'Laboratorial', '2025-04-20 13:08:54.264418', 2, 21);
INSERT INTO Exame (id_exame, nome_exame, tipo_exame, data_realizacao, id_profissional, id_paciente) VALUES (19, 'Raio-X', 'Laboratorial', '2025-03-13 17:04:03.145410', 1, 17);
INSERT INTO Exame (id_exame, nome_exame, tipo_exame, data_realizacao, id_profissional, id_paciente) VALUES (20, 'Raio-X', 'Imagem', '2025-01-07 00:59:49.202488', 4, 24);
INSERT INTO Exame (id_exame, nome_exame, tipo_exame, data_realizacao, id_profissional, id_paciente) VALUES (21, 'Raio-X', 'Laboratorial', '2025-03-20 06:09:50.448461', 5, 15);
INSERT INTO Exame (id_exame, nome_exame, tipo_exame, data_realizacao, id_profissional, id_paciente) VALUES (22, 'Hemograma', 'Imagem', '2025-02-13 15:35:35.551029', 10, 32);
INSERT INTO Exame (id_exame, nome_exame, tipo_exame, data_realizacao, id_profissional, id_paciente) VALUES (23, 'Raio-X', 'Imagem', '2025-04-01 04:59:00.560605', 5, 44);
INSERT INTO Exame (id_exame, nome_exame, tipo_exame, data_realizacao, id_profissional, id_paciente) VALUES (24, 'Ultrassom', 'Imagem', '2025-01-03 18:14:42.257284', 2, 20);
INSERT INTO Exame (id_exame, nome_exame, tipo_exame, data_realizacao, id_profissional, id_paciente) VALUES (25, 'Raio-X', 'Imagem', '2025-03-08 21:01:38.192215', 2, 50);
INSERT INTO Exame (id_exame, nome_exame, tipo_exame, data_realizacao, id_profissional, id_paciente) VALUES (26, 'Eletrocardiograma', 'Laboratorial', '2024-11-14 02:45:52.141602', 9, 29);
INSERT INTO Exame (id_exame, nome_exame, tipo_exame, data_realizacao, id_profissional, id_paciente) VALUES (27, 'Hemograma', 'Laboratorial', '2024-11-13 22:00:49.828543', 7, 44);
INSERT INTO Exame (id_exame, nome_exame, tipo_exame, data_realizacao, id_profissional, id_paciente) VALUES (28, 'Raio-X', 'Laboratorial', '2025-02-05 12:17:50.349304', 3, 15);
INSERT INTO Exame (id_exame, nome_exame, tipo_exame, data_realizacao, id_profissional, id_paciente) VALUES (29, 'Raio-X', 'Laboratorial', '2024-12-08 02:20:04.598670', 7, 12);
INSERT INTO Exame (id_exame, nome_exame, tipo_exame, data_realizacao, id_profissional, id_paciente) VALUES (30, 'Hemograma', 'Imagem', '2025-01-28 00:52:06.806734', 9, 44);
INSERT INTO Exame (id_exame, nome_exame, tipo_exame, data_realizacao, id_profissional, id_paciente) VALUES (31, 'Ultrassom', 'Laboratorial', '2025-01-31 14:00:11.108258', 4, 32);
INSERT INTO Exame (id_exame, nome_exame, tipo_exame, data_realizacao, id_profissional, id_paciente) VALUES (32, 'Eletrocardiograma', 'Laboratorial', '2025-04-22 18:52:23.954139', 1, 5);
INSERT INTO Exame (id_exame, nome_exame, tipo_exame, data_realizacao, id_profissional, id_paciente) VALUES (33, 'Raio-X', 'Imagem', '2025-02-07 01:14:01.469060', 6, 5);
INSERT INTO Exame (id_exame, nome_exame, tipo_exame, data_realizacao, id_profissional, id_paciente) VALUES (34, 'Raio-X', 'Laboratorial', '2025-02-05 01:05:22.060580', 8, 7);
INSERT INTO Exame (id_exame, nome_exame, tipo_exame, data_realizacao, id_profissional, id_paciente) VALUES (35, 'Ultrassom', 'Laboratorial', '2025-02-20 15:14:46.083685', 10, 10);
INSERT INTO Exame (id_exame, nome_exame, tipo_exame, data_realizacao, id_profissional, id_paciente) VALUES (36, 'Ultrassom', 'Laboratorial', '2024-12-22 11:36:27.109704', 4, 48);
INSERT INTO Exame (id_exame, nome_exame, tipo_exame, data_realizacao, id_profissional, id_paciente) VALUES (37, 'Eletrocardiograma', 'Laboratorial', '2024-12-26 15:51:31.833883', 8, 5);
INSERT INTO Exame (id_exame, nome_exame, tipo_exame, data_realizacao, id_profissional, id_paciente) VALUES (38, 'Eletrocardiograma', 'Imagem', '2024-12-01 17:01:39.799421', 5, 50);
INSERT INTO Exame (id_exame, nome_exame, tipo_exame, data_realizacao, id_profissional, id_paciente) VALUES (39, 'Hemograma', 'Imagem', '2025-01-13 05:41:35.182310', 1, 37);
INSERT INTO Exame (id_exame, nome_exame, tipo_exame, data_realizacao, id_profissional, id_paciente) VALUES (40, 'Ultrassom', 'Laboratorial', '2025-04-26 18:33:03.812159', 8, 39);
INSERT INTO Exame (id_exame, nome_exame, tipo_exame, data_realizacao, id_profissional, id_paciente) VALUES (41, 'Hemograma', 'Imagem', '2024-12-09 04:51:42.728511', 2, 17);
INSERT INTO Exame (id_exame, nome_exame, tipo_exame, data_realizacao, id_profissional, id_paciente) VALUES (42, 'Eletrocardiograma', 'Imagem', '2025-04-26 22:45:49.126178', 3, 5);
INSERT INTO Exame (id_exame, nome_exame, tipo_exame, data_realizacao, id_profissional, id_paciente) VALUES (43, 'Eletrocardiograma', 'Imagem', '2025-02-13 00:02:25.574176', 5, 40);
INSERT INTO Exame (id_exame, nome_exame, tipo_exame, data_realizacao, id_profissional, id_paciente) VALUES (44, 'Raio-X', 'Imagem', '2024-12-12 05:08:20.539854', 9, 15);
INSERT INTO Exame (id_exame, nome_exame, tipo_exame, data_realizacao, id_profissional, id_paciente) VALUES (45, 'Hemograma', 'Laboratorial', '2024-12-31 06:56:46.494225', 9, 44);
INSERT INTO Exame (id_exame, nome_exame, tipo_exame, data_realizacao, id_profissional, id_paciente) VALUES (46, 'Hemograma', 'Laboratorial', '2024-12-19 18:52:53.119601', 9, 43);
INSERT INTO Exame (id_exame, nome_exame, tipo_exame, data_realizacao, id_profissional, id_paciente) VALUES (47, 'Ultrassom', 'Imagem', '2025-01-30 14:41:36.354331', 1, 19);
INSERT INTO Exame (id_exame, nome_exame, tipo_exame, data_realizacao, id_profissional, id_paciente) VALUES (48, 'Ultrassom', 'Laboratorial', '2025-03-24 11:05:19.718167', 7, 40);
INSERT INTO Exame (id_exame, nome_exame, tipo_exame, data_realizacao, id_profissional, id_paciente) VALUES (49, 'Ultrassom', 'Imagem', '2025-04-21 16:38:13.554813', 8, 43);
INSERT INTO Exame (id_exame, nome_exame, tipo_exame, data_realizacao, id_profissional, id_paciente) VALUES (50, 'Hemograma', 'Imagem', '2025-01-23 19:21:23.748202', 3, 29);
INSERT INTO Exame (id_exame, nome_exame, tipo_exame, data_realizacao, id_profissional, id_paciente) VALUES (51, 'Hemograma', 'Imagem', '2025-02-21 21:04:45.088451', 1, 25);
INSERT INTO Exame (id_exame, nome_exame, tipo_exame, data_realizacao, id_profissional, id_paciente) VALUES (52, 'Raio-X', 'Imagem', '2025-04-03 22:24:11.338689', 2, 16);
INSERT INTO Exame (id_exame, nome_exame, tipo_exame, data_realizacao, id_profissional, id_paciente) VALUES (53, 'Raio-X', 'Imagem', '2024-12-25 04:27:34.006105', 3, 22);
INSERT INTO Exame (id_exame, nome_exame, tipo_exame, data_realizacao, id_profissional, id_paciente) VALUES (54, 'Ultrassom', 'Imagem', '2025-03-04 09:33:57.752452', 1, 30);
INSERT INTO Exame (id_exame, nome_exame, tipo_exame, data_realizacao, id_profissional, id_paciente) VALUES (55, 'Eletrocardiograma', 'Imagem', '2024-11-22 23:08:23.294381', 7, 34);
INSERT INTO Exame (id_exame, nome_exame, tipo_exame, data_realizacao, id_profissional, id_paciente) VALUES (56, 'Ultrassom', 'Laboratorial', '2025-01-24 21:21:51.114908', 2, 23);
INSERT INTO Exame (id_exame, nome_exame, tipo_exame, data_realizacao, id_profissional, id_paciente) VALUES (57, 'Ultrassom', 'Laboratorial', '2025-04-06 12:23:23.348380', 6, 29);
INSERT INTO Exame (id_exame, nome_exame, tipo_exame, data_realizacao, id_profissional, id_paciente) VALUES (58, 'Raio-X', 'Laboratorial', '2025-01-15 20:48:49.697343', 9, 21);
INSERT INTO Exame (id_exame, nome_exame, tipo_exame, data_realizacao, id_profissional, id_paciente) VALUES (59, 'Hemograma', 'Imagem', '2024-12-28 16:43:22.134053', 7, 20);
INSERT INTO Exame (id_exame, nome_exame, tipo_exame, data_realizacao, id_profissional, id_paciente) VALUES (60, 'Eletrocardiograma', 'Imagem', '2025-05-08 08:38:10.662500', 1, 17);
INSERT INTO Exame (id_exame, nome_exame, tipo_exame, data_realizacao, id_profissional, id_paciente) VALUES (61, 'Hemograma', 'Laboratorial', '2024-11-23 21:37:22.866753', 6, 16);
INSERT INTO Exame (id_exame, nome_exame, tipo_exame, data_realizacao, id_profissional, id_paciente) VALUES (62, 'Eletrocardiograma', 'Laboratorial', '2025-02-02 21:38:59.288862', 9, 15);
INSERT INTO Exame (id_exame, nome_exame, tipo_exame, data_realizacao, id_profissional, id_paciente) VALUES (63, 'Hemograma', 'Imagem', '2024-12-24 19:15:02.881193', 6, 39);
INSERT INTO Exame (id_exame, nome_exame, tipo_exame, data_realizacao, id_profissional, id_paciente) VALUES (64, 'Raio-X', 'Imagem', '2024-11-08 19:09:54.653622', 7, 37);
INSERT INTO Exame (id_exame, nome_exame, tipo_exame, data_realizacao, id_profissional, id_paciente) VALUES (65, 'Raio-X', 'Laboratorial', '2025-01-05 17:18:07.236104', 7, 4);
INSERT INTO Exame (id_exame, nome_exame, tipo_exame, data_realizacao, id_profissional, id_paciente) VALUES (66, 'Eletrocardiograma', 'Imagem', '2025-04-27 13:49:30.366897', 6, 31);
INSERT INTO Exame (id_exame, nome_exame, tipo_exame, data_realizacao, id_profissional, id_paciente) VALUES (67, 'Eletrocardiograma', 'Imagem', '2025-03-18 14:13:46.244899', 4, 31);
INSERT INTO Exame (id_exame, nome_exame, tipo_exame, data_realizacao, id_profissional, id_paciente) VALUES (68, 'Ultrassom', 'Imagem', '2024-11-27 20:05:19.761334', 1, 33);
INSERT INTO Exame (id_exame, nome_exame, tipo_exame, data_realizacao, id_profissional, id_paciente) VALUES (69, 'Hemograma', 'Laboratorial', '2025-02-05 06:24:35.524224', 8, 45);
INSERT INTO Exame (id_exame, nome_exame, tipo_exame, data_realizacao, id_profissional, id_paciente) VALUES (70, 'Raio-X', 'Laboratorial', '2025-05-08 17:43:10.053313', 2, 4);
INSERT INTO Exame (id_exame, nome_exame, tipo_exame, data_realizacao, id_profissional, id_paciente) VALUES (71, 'Hemograma', 'Imagem', '2025-02-27 05:23:20.994707', 8, 44);
INSERT INTO Exame (id_exame, nome_exame, tipo_exame, data_realizacao, id_profissional, id_paciente) VALUES (72, 'Ultrassom', 'Laboratorial', '2025-01-03 21:36:20.409719', 1, 24);
INSERT INTO Exame (id_exame, nome_exame, tipo_exame, data_realizacao, id_profissional, id_paciente) VALUES (73, 'Raio-X', 'Imagem', '2025-01-08 03:57:13.382457', 6, 46);
INSERT INTO Exame (id_exame, nome_exame, tipo_exame, data_realizacao, id_profissional, id_paciente) VALUES (74, 'Hemograma', 'Laboratorial', '2025-01-22 16:34:49.255474', 2, 19);
INSERT INTO Exame (id_exame, nome_exame, tipo_exame, data_realizacao, id_profissional, id_paciente) VALUES (75, 'Ultrassom', 'Imagem', '2025-02-17 23:30:29.009331', 2, 38);
INSERT INTO Exame (id_exame, nome_exame, tipo_exame, data_realizacao, id_profissional, id_paciente) VALUES (76, 'Eletrocardiograma', 'Imagem', '2025-03-15 19:38:23.806927', 5, 35);
INSERT INTO Exame (id_exame, nome_exame, tipo_exame, data_realizacao, id_profissional, id_paciente) VALUES (77, 'Ultrassom', 'Imagem', '2024-11-16 03:27:28.657696', 4, 28);
INSERT INTO Exame (id_exame, nome_exame, tipo_exame, data_realizacao, id_profissional, id_paciente) VALUES (78, 'Eletrocardiograma', 'Imagem', '2024-12-12 20:05:09.697621', 1, 18);
INSERT INTO Exame (id_exame, nome_exame, tipo_exame, data_realizacao, id_profissional, id_paciente) VALUES (79, 'Hemograma', 'Laboratorial', '2024-12-13 04:15:41.844146', 9, 7);
INSERT INTO Exame (id_exame, nome_exame, tipo_exame, data_realizacao, id_profissional, id_paciente) VALUES (80, 'Raio-X', 'Imagem', '2025-04-10 16:41:24.749599', 10, 21);
INSERT INTO Exame (id_exame, nome_exame, tipo_exame, data_realizacao, id_profissional, id_paciente) VALUES (81, 'Eletrocardiograma', 'Imagem', '2024-12-08 12:14:56.880761', 4, 33);
INSERT INTO Exame (id_exame, nome_exame, tipo_exame, data_realizacao, id_profissional, id_paciente) VALUES (82, 'Eletrocardiograma', 'Laboratorial', '2025-03-02 04:46:28.568251', 2, 38);
INSERT INTO Exame (id_exame, nome_exame, tipo_exame, data_realizacao, id_profissional, id_paciente) VALUES (83, 'Ultrassom', 'Laboratorial', '2025-04-18 21:03:21.272184', 5, 9);
INSERT INTO Exame (id_exame, nome_exame, tipo_exame, data_realizacao, id_profissional, id_paciente) VALUES (84, 'Ultrassom', 'Laboratorial', '2025-03-16 16:41:12.522417', 6, 2);
INSERT INTO Exame (id_exame, nome_exame, tipo_exame, data_realizacao, id_profissional, id_paciente) VALUES (85, 'Hemograma', 'Laboratorial', '2025-04-17 09:06:00.148191', 10, 24);
INSERT INTO Exame (id_exame, nome_exame, tipo_exame, data_realizacao, id_profissional, id_paciente) VALUES (86, 'Hemograma', 'Laboratorial', '2025-01-17 08:31:23.844551', 3, 33);
INSERT INTO Exame (id_exame, nome_exame, tipo_exame, data_realizacao, id_profissional, id_paciente) VALUES (87, 'Ultrassom', 'Laboratorial', '2025-04-15 03:41:53.599489', 10, 35);
INSERT INTO Exame (id_exame, nome_exame, tipo_exame, data_realizacao, id_profissional, id_paciente) VALUES (88, 'Hemograma', 'Imagem', '2025-03-07 23:18:50.645407', 8, 2);
INSERT INTO Exame (id_exame, nome_exame, tipo_exame, data_realizacao, id_profissional, id_paciente) VALUES (89, 'Ultrassom', 'Imagem', '2024-11-20 08:36:28.927437', 10, 44);
INSERT INTO Exame (id_exame, nome_exame, tipo_exame, data_realizacao, id_profissional, id_paciente) VALUES (90, 'Hemograma', 'Laboratorial', '2025-01-05 21:11:55.080860', 1, 32);
INSERT INTO Exame (id_exame, nome_exame, tipo_exame, data_realizacao, id_profissional, id_paciente) VALUES (91, 'Eletrocardiograma', 'Imagem', '2024-11-21 02:11:57.244296', 4, 23);
INSERT INTO Exame (id_exame, nome_exame, tipo_exame, data_realizacao, id_profissional, id_paciente) VALUES (92, 'Hemograma', 'Imagem', '2025-02-22 01:53:50.078861', 5, 39);
INSERT INTO Exame (id_exame, nome_exame, tipo_exame, data_realizacao, id_profissional, id_paciente) VALUES (93, 'Hemograma', 'Imagem', '2024-11-23 11:58:19.509015', 4, 24);
INSERT INTO Exame (id_exame, nome_exame, tipo_exame, data_realizacao, id_profissional, id_paciente) VALUES (94, 'Ultrassom', 'Imagem', '2024-12-13 17:22:27.967243', 1, 37);
INSERT INTO Exame (id_exame, nome_exame, tipo_exame, data_realizacao, id_profissional, id_paciente) VALUES (95, 'Eletrocardiograma', 'Laboratorial', '2024-11-25 01:59:20.300712', 8, 28);
INSERT INTO Exame (id_exame, nome_exame, tipo_exame, data_realizacao, id_profissional, id_paciente) VALUES (96, 'Eletrocardiograma', 'Laboratorial', '2024-12-10 04:57:39.016454', 6, 20);
INSERT INTO Exame (id_exame, nome_exame, tipo_exame, data_realizacao, id_profissional, id_paciente) VALUES (97, 'Ultrassom', 'Imagem', '2025-02-24 00:55:14.413307', 3, 24);
INSERT INTO Exame (id_exame, nome_exame, tipo_exame, data_realizacao, id_profissional, id_paciente) VALUES (98, 'Ultrassom', 'Laboratorial', '2025-03-18 07:27:06.268194', 5, 23);
INSERT INTO Exame (id_exame, nome_exame, tipo_exame, data_realizacao, id_profissional, id_paciente) VALUES (99, 'Raio-X', 'Imagem', '2024-12-21 21:47:46.560372', 7, 23);
INSERT INTO Exame (id_exame, nome_exame, tipo_exame, data_realizacao, id_profissional, id_paciente) VALUES (100, 'Raio-X', 'Laboratorial', '2025-04-15 04:12:33.973428', 6, 1);
INSERT INTO Consulta (id_consulta, data, tipo, sintomas, pressao_arterial, id_paciente, id_profissional, id_unidade_saude) VALUES (1, '2025-02-03 15:01:55.246548', 'Primeira Consulta', 'Ipsa illum ratione dignissimos.', '139/61', 8, 2, 4);
INSERT INTO Consulta (id_consulta, data, tipo, sintomas, pressao_arterial, id_paciente, id_profissional, id_unidade_saude) VALUES (2, '2025-04-23 13:25:51.129230', 'Primeira Consulta', 'Fuga deserunt enim fugiat est.', '84/57', 41, 2, 5);
INSERT INTO Consulta (id_consulta, data, tipo, sintomas, pressao_arterial, id_paciente, id_profissional, id_unidade_saude) VALUES (3, '2025-01-07 05:48:05.137145', 'Retorno', 'Eligendi corrupti autem est minima facere.', '134/52', 25, 7, 3);
INSERT INTO Consulta (id_consulta, data, tipo, sintomas, pressao_arterial, id_paciente, id_profissional, id_unidade_saude) VALUES (4, '2025-01-26 22:05:19.637045', 'Emergência', 'Expedita ratione facere nam corrupti dolores.', '113/82', 19, 6, 3);
INSERT INTO Consulta (id_consulta, data, tipo, sintomas, pressao_arterial, id_paciente, id_profissional, id_unidade_saude) VALUES (5, '2025-01-18 12:52:25.604584', 'Emergência', 'Natus ex suscipit doloribus doloribus.', '96/60', 20, 1, 2);
INSERT INTO Consulta (id_consulta, data, tipo, sintomas, pressao_arterial, id_paciente, id_profissional, id_unidade_saude) VALUES (6, '2025-02-12 19:11:40.163883', 'Emergência', 'Nesciunt eaque alias possimus atque tempora quisquam.', '138/57', 49, 7, 4);
INSERT INTO Consulta (id_consulta, data, tipo, sintomas, pressao_arterial, id_paciente, id_profissional, id_unidade_saude) VALUES (7, '2025-01-03 10:20:51.558625', 'Primeira Consulta', 'Voluptates sed soluta inventore doloribus quod.', '117/56', 40, 2, 4);
INSERT INTO Consulta (id_consulta, data, tipo, sintomas, pressao_arterial, id_paciente, id_profissional, id_unidade_saude) VALUES (8, '2025-04-24 15:51:33.416724', 'Retorno', 'Amet dolor praesentium dolor cum.', '117/74', 24, 5, 4);
INSERT INTO Consulta (id_consulta, data, tipo, sintomas, pressao_arterial, id_paciente, id_profissional, id_unidade_saude) VALUES (9, '2025-02-16 16:51:53.472729', 'Primeira Consulta', 'Incidunt architecto optio ea et voluptate.', '140/84', 42, 6, 1);
INSERT INTO Consulta (id_consulta, data, tipo, sintomas, pressao_arterial, id_paciente, id_profissional, id_unidade_saude) VALUES (10, '2025-01-31 17:41:41.828135', 'Emergência', 'Delectus alias laudantium veniam omnis tempore commodi.', '118/78', 49, 7, 4);
INSERT INTO Consulta (id_consulta, data, tipo, sintomas, pressao_arterial, id_paciente, id_profissional, id_unidade_saude) VALUES (11, '2024-12-26 04:39:19.655244', 'Primeira Consulta', 'Soluta unde hic illo sapiente nihil nulla.', '112/65', 21, 9, 1);
INSERT INTO Consulta (id_consulta, data, tipo, sintomas, pressao_arterial, id_paciente, id_profissional, id_unidade_saude) VALUES (12, '2024-11-30 11:06:16.180976', 'Emergência', 'Asperiores repudiandae atque doloremque.', '115/86', 6, 5, 1);
INSERT INTO Consulta (id_consulta, data, tipo, sintomas, pressao_arterial, id_paciente, id_profissional, id_unidade_saude) VALUES (13, '2025-04-27 12:58:16.858724', 'Retorno', 'Esse voluptas assumenda omnis.', '130/65', 27, 10, 5);
INSERT INTO Consulta (id_consulta, data, tipo, sintomas, pressao_arterial, id_paciente, id_profissional, id_unidade_saude) VALUES (14, '2025-01-09 06:40:47.194062', 'Retorno', 'Quaerat quidem suscipit aspernatur nemo fugit iure.', '83/83', 13, 3, 5);
INSERT INTO Consulta (id_consulta, data, tipo, sintomas, pressao_arterial, id_paciente, id_profissional, id_unidade_saude) VALUES (15, '2024-12-15 15:15:15.821284', 'Primeira Consulta', 'Mollitia repudiandae quibusdam eaque numquam maiores iusto.', '130/59', 48, 5, 3);
INSERT INTO Consulta (id_consulta, data, tipo, sintomas, pressao_arterial, id_paciente, id_profissional, id_unidade_saude) VALUES (16, '2025-01-06 16:40:51.420347', 'Primeira Consulta', 'Quo delectus cum dolore temporibus dolorum.', '99/71', 1, 9, 2);
INSERT INTO Consulta (id_consulta, data, tipo, sintomas, pressao_arterial, id_paciente, id_profissional, id_unidade_saude) VALUES (17, '2025-03-11 18:36:21.976971', 'Retorno', 'Neque tenetur numquam voluptate est quo quia.', '121/66', 47, 2, 4);
INSERT INTO Consulta (id_consulta, data, tipo, sintomas, pressao_arterial, id_paciente, id_profissional, id_unidade_saude) VALUES (18, '2025-01-09 06:32:34.014519', 'Primeira Consulta', 'Assumenda est veritatis harum veniam architecto deleniti.', '129/86', 9, 4, 2);
INSERT INTO Consulta (id_consulta, data, tipo, sintomas, pressao_arterial, id_paciente, id_profissional, id_unidade_saude) VALUES (19, '2025-01-27 08:45:35.029447', 'Emergência', 'Cupiditate consectetur fugit consectetur nemo.', '97/73', 35, 5, 3);
INSERT INTO Consulta (id_consulta, data, tipo, sintomas, pressao_arterial, id_paciente, id_profissional, id_unidade_saude) VALUES (20, '2024-12-03 18:30:19.052536', 'Retorno', 'Esse sint nostrum molestiae maiores cumque similique.', '109/78', 1, 7, 2);
INSERT INTO Consulta (id_consulta, data, tipo, sintomas, pressao_arterial, id_paciente, id_profissional, id_unidade_saude) VALUES (21, '2025-03-06 20:39:21.540492', 'Emergência', 'Quasi vel adipisci dolor accusamus sapiente harum.', '102/73', 9, 3, 3);
INSERT INTO Consulta (id_consulta, data, tipo, sintomas, pressao_arterial, id_paciente, id_profissional, id_unidade_saude) VALUES (22, '2025-05-01 13:43:11.062582', 'Primeira Consulta', 'Repudiandae voluptate incidunt delectus asperiores nemo ex.', '93/53', 37, 4, 3);
INSERT INTO Consulta (id_consulta, data, tipo, sintomas, pressao_arterial, id_paciente, id_profissional, id_unidade_saude) VALUES (23, '2024-12-22 03:13:54.154792', 'Primeira Consulta', 'Ipsam alias expedita beatae iusto saepe.', '106/72', 36, 4, 4);
INSERT INTO Consulta (id_consulta, data, tipo, sintomas, pressao_arterial, id_paciente, id_profissional, id_unidade_saude) VALUES (24, '2025-01-21 21:13:26.835267', 'Retorno', 'Quo voluptas est temporibus corrupti rerum.', '124/50', 44, 9, 1);
INSERT INTO Consulta (id_consulta, data, tipo, sintomas, pressao_arterial, id_paciente, id_profissional, id_unidade_saude) VALUES (25, '2025-03-27 01:07:09.390535', 'Emergência', 'Excepturi adipisci rem possimus dicta magnam.', '110/68', 46, 6, 3);
INSERT INTO Consulta (id_consulta, data, tipo, sintomas, pressao_arterial, id_paciente, id_profissional, id_unidade_saude) VALUES (26, '2025-04-04 08:28:57.578344', 'Retorno', 'Vero unde consequuntur exercitationem.', '106/53', 11, 7, 4);
INSERT INTO Consulta (id_consulta, data, tipo, sintomas, pressao_arterial, id_paciente, id_profissional, id_unidade_saude) VALUES (27, '2024-12-08 11:57:54.308652', 'Emergência', 'Eum repellendus expedita modi eos illum modi.', '118/73', 34, 7, 3);
INSERT INTO Consulta (id_consulta, data, tipo, sintomas, pressao_arterial, id_paciente, id_profissional, id_unidade_saude) VALUES (28, '2024-12-22 20:29:50.981451', 'Emergência', 'Adipisci esse occaecati voluptates molestiae.', '83/55', 31, 7, 5);
INSERT INTO Consulta (id_consulta, data, tipo, sintomas, pressao_arterial, id_paciente, id_profissional, id_unidade_saude) VALUES (29, '2025-01-03 15:34:48.505093', 'Primeira Consulta', 'Ex quas modi quos.', '106/75', 17, 2, 5);
INSERT INTO Consulta (id_consulta, data, tipo, sintomas, pressao_arterial, id_paciente, id_profissional, id_unidade_saude) VALUES (30, '2025-03-12 01:55:42.732862', 'Emergência', 'Minima inventore impedit aperiam.', '130/62', 10, 1, 2);
INSERT INTO Consulta (id_consulta, data, tipo, sintomas, pressao_arterial, id_paciente, id_profissional, id_unidade_saude) VALUES (31, '2025-03-17 10:23:57.161268', 'Emergência', 'Exercitationem quae amet quos.', '85/66', 17, 10, 4);
INSERT INTO Consulta (id_consulta, data, tipo, sintomas, pressao_arterial, id_paciente, id_profissional, id_unidade_saude) VALUES (32, '2025-02-27 23:10:40.606071', 'Retorno', 'Laboriosam quasi eum quasi vitae.', '131/88', 18, 9, 3);
INSERT INTO Consulta (id_consulta, data, tipo, sintomas, pressao_arterial, id_paciente, id_profissional, id_unidade_saude) VALUES (33, '2025-01-21 11:28:43.507180', 'Primeira Consulta', 'Officia dolores laudantium inventore veniam.', '101/88', 31, 6, 2);
INSERT INTO Consulta (id_consulta, data, tipo, sintomas, pressao_arterial, id_paciente, id_profissional, id_unidade_saude) VALUES (34, '2025-04-24 23:59:19.384459', 'Retorno', 'Quae dolore eos.', '93/69', 20, 8, 1);
INSERT INTO Consulta (id_consulta, data, tipo, sintomas, pressao_arterial, id_paciente, id_profissional, id_unidade_saude) VALUES (35, '2024-12-25 11:56:06.077108', 'Retorno', 'Amet sapiente a dignissimos modi autem.', '105/69', 25, 6, 4);
INSERT INTO Consulta (id_consulta, data, tipo, sintomas, pressao_arterial, id_paciente, id_profissional, id_unidade_saude) VALUES (36, '2025-02-12 22:07:02.304384', 'Emergência', 'Porro in voluptate nisi veritatis deserunt.', '121/58', 24, 3, 5);
INSERT INTO Consulta (id_consulta, data, tipo, sintomas, pressao_arterial, id_paciente, id_profissional, id_unidade_saude) VALUES (37, '2025-02-09 09:08:02.456616', 'Primeira Consulta', 'Odio in doloremque sapiente sapiente dolor.', '131/51', 47, 1, 2);
INSERT INTO Consulta (id_consulta, data, tipo, sintomas, pressao_arterial, id_paciente, id_profissional, id_unidade_saude) VALUES (38, '2025-04-02 01:23:51.604072', 'Retorno', 'Impedit vel provident totam eligendi esse pariatur quam.', '117/62', 11, 10, 2);
INSERT INTO Consulta (id_consulta, data, tipo, sintomas, pressao_arterial, id_paciente, id_profissional, id_unidade_saude) VALUES (39, '2025-03-15 08:51:40.616012', 'Primeira Consulta', 'Alias velit accusantium exercitationem minima.', '84/58', 18, 2, 1);
INSERT INTO Consulta (id_consulta, data, tipo, sintomas, pressao_arterial, id_paciente, id_profissional, id_unidade_saude) VALUES (40, '2024-12-08 11:22:43.550426', 'Primeira Consulta', 'Provident cupiditate ipsam sit amet modi.', '104/88', 15, 3, 3);
INSERT INTO Consulta (id_consulta, data, tipo, sintomas, pressao_arterial, id_paciente, id_profissional, id_unidade_saude) VALUES (41, '2024-12-01 15:38:44.159435', 'Primeira Consulta', 'Cupiditate deleniti perferendis pariatur totam iste.', '114/58', 13, 7, 4);
INSERT INTO Consulta (id_consulta, data, tipo, sintomas, pressao_arterial, id_paciente, id_profissional, id_unidade_saude) VALUES (42, '2025-03-17 07:10:41.857794', 'Retorno', 'Voluptatem expedita enim ratione cupiditate.', '135/78', 33, 2, 4);
INSERT INTO Consulta (id_consulta, data, tipo, sintomas, pressao_arterial, id_paciente, id_profissional, id_unidade_saude) VALUES (43, '2024-11-14 02:46:48.240354', 'Retorno', 'Dolorem repellendus excepturi reprehenderit tempora minus quos.', '137/88', 17, 6, 4);
INSERT INTO Consulta (id_consulta, data, tipo, sintomas, pressao_arterial, id_paciente, id_profissional, id_unidade_saude) VALUES (44, '2024-12-22 22:28:11.543097', 'Emergência', 'Cupiditate dolore officiis consectetur ipsam culpa nam.', '135/53', 6, 6, 5);
INSERT INTO Consulta (id_consulta, data, tipo, sintomas, pressao_arterial, id_paciente, id_profissional, id_unidade_saude) VALUES (45, '2024-12-19 15:45:09.765928', 'Primeira Consulta', 'Fugiat alias magni sequi velit esse.', '123/62', 3, 7, 5);
INSERT INTO Consulta (id_consulta, data, tipo, sintomas, pressao_arterial, id_paciente, id_profissional, id_unidade_saude) VALUES (46, '2025-02-12 22:01:55.940704', 'Primeira Consulta', 'Ullam doloribus ratione asperiores architecto aut inventore numquam.', '107/52', 14, 4, 4);
INSERT INTO Consulta (id_consulta, data, tipo, sintomas, pressao_arterial, id_paciente, id_profissional, id_unidade_saude) VALUES (47, '2025-02-18 17:37:55.711918', 'Primeira Consulta', 'Illo modi nulla hic amet perferendis.', '100/55', 8, 9, 2);
INSERT INTO Consulta (id_consulta, data, tipo, sintomas, pressao_arterial, id_paciente, id_profissional, id_unidade_saude) VALUES (48, '2025-03-01 04:39:19.013419', 'Primeira Consulta', 'Temporibus non consectetur cumque nobis voluptatibus.', '139/58', 43, 5, 4);
INSERT INTO Consulta (id_consulta, data, tipo, sintomas, pressao_arterial, id_paciente, id_profissional, id_unidade_saude) VALUES (49, '2025-02-21 01:07:57.010570', 'Retorno', 'Exercitationem repellendus aliquid temporibus deleniti id minima.', '95/73', 2, 6, 3);
INSERT INTO Consulta (id_consulta, data, tipo, sintomas, pressao_arterial, id_paciente, id_profissional, id_unidade_saude) VALUES (50, '2025-05-05 16:12:45.388861', 'Emergência', 'Unde quasi est ex.', '100/71', 48, 2, 1);
INSERT INTO Consulta (id_consulta, data, tipo, sintomas, pressao_arterial, id_paciente, id_profissional, id_unidade_saude) VALUES (51, '2025-01-16 05:54:48.476352', 'Retorno', 'Eveniet explicabo fuga odit hic minima.', '118/88', 50, 10, 5);
INSERT INTO Consulta (id_consulta, data, tipo, sintomas, pressao_arterial, id_paciente, id_profissional, id_unidade_saude) VALUES (52, '2025-02-26 10:04:11.978291', 'Retorno', 'Repudiandae eveniet quam saepe adipisci.', '96/80', 5, 4, 2);
INSERT INTO Consulta (id_consulta, data, tipo, sintomas, pressao_arterial, id_paciente, id_profissional, id_unidade_saude) VALUES (53, '2025-01-08 02:04:45.604955', 'Emergência', 'Aliquid neque autem aliquid ab.', '85/85', 31, 1, 1);
INSERT INTO Consulta (id_consulta, data, tipo, sintomas, pressao_arterial, id_paciente, id_profissional, id_unidade_saude) VALUES (54, '2025-02-22 17:20:33.350150', 'Primeira Consulta', 'Sapiente necessitatibus cupiditate ut.', '118/52', 27, 1, 3);
INSERT INTO Consulta (id_consulta, data, tipo, sintomas, pressao_arterial, id_paciente, id_profissional, id_unidade_saude) VALUES (55, '2025-04-20 12:48:33.201638', 'Primeira Consulta', 'Ab id tempora blanditiis reiciendis possimus.', '140/58', 7, 3, 2);
INSERT INTO Consulta (id_consulta, data, tipo, sintomas, pressao_arterial, id_paciente, id_profissional, id_unidade_saude) VALUES (56, '2024-11-19 00:50:34.040349', 'Retorno', 'Velit fugiat corrupti eum voluptatibus reprehenderit nulla.', '87/62', 40, 4, 1);
INSERT INTO Consulta (id_consulta, data, tipo, sintomas, pressao_arterial, id_paciente, id_profissional, id_unidade_saude) VALUES (57, '2024-11-09 07:33:38.260466', 'Primeira Consulta', 'Possimus quis numquam dolores deleniti nesciunt perspiciatis.', '83/71', 50, 7, 1);
INSERT INTO Consulta (id_consulta, data, tipo, sintomas, pressao_arterial, id_paciente, id_profissional, id_unidade_saude) VALUES (58, '2024-12-18 21:16:30.626730', 'Primeira Consulta', 'Tenetur blanditiis alias tempore autem quam.', '128/54', 30, 8, 2);
INSERT INTO Consulta (id_consulta, data, tipo, sintomas, pressao_arterial, id_paciente, id_profissional, id_unidade_saude) VALUES (59, '2025-01-22 04:13:57.103003', 'Primeira Consulta', 'Dolorem ullam ipsam enim.', '96/59', 27, 3, 5);
INSERT INTO Consulta (id_consulta, data, tipo, sintomas, pressao_arterial, id_paciente, id_profissional, id_unidade_saude) VALUES (60, '2025-02-06 08:48:05.968554', 'Primeira Consulta', 'Quibusdam debitis nemo laborum incidunt.', '107/74', 8, 10, 3);
INSERT INTO Consulta (id_consulta, data, tipo, sintomas, pressao_arterial, id_paciente, id_profissional, id_unidade_saude) VALUES (61, '2024-12-15 20:34:23.331583', 'Retorno', 'Repudiandae libero tenetur corporis.', '136/72', 33, 8, 1);
INSERT INTO Consulta (id_consulta, data, tipo, sintomas, pressao_arterial, id_paciente, id_profissional, id_unidade_saude) VALUES (62, '2025-05-04 05:24:45.499629', 'Primeira Consulta', 'Perferendis voluptas nulla modi.', '123/90', 23, 9, 2);
INSERT INTO Consulta (id_consulta, data, tipo, sintomas, pressao_arterial, id_paciente, id_profissional, id_unidade_saude) VALUES (63, '2024-12-25 01:14:38.807118', 'Emergência', 'Soluta minima quidem facilis.', '138/65', 48, 7, 2);
INSERT INTO Consulta (id_consulta, data, tipo, sintomas, pressao_arterial, id_paciente, id_profissional, id_unidade_saude) VALUES (64, '2025-01-06 04:50:17.591153', 'Retorno', 'Distinctio laborum velit veniam.', '139/66', 15, 9, 3);
INSERT INTO Consulta (id_consulta, data, tipo, sintomas, pressao_arterial, id_paciente, id_profissional, id_unidade_saude) VALUES (65, '2025-03-11 15:20:30.620819', 'Emergência', 'Qui similique corporis nostrum unde temporibus.', '128/72', 43, 7, 4);
INSERT INTO Consulta (id_consulta, data, tipo, sintomas, pressao_arterial, id_paciente, id_profissional, id_unidade_saude) VALUES (66, '2024-11-09 14:05:00.048242', 'Retorno', 'Distinctio modi quaerat repellendus tenetur.', '125/84', 4, 1, 4);
INSERT INTO Consulta (id_consulta, data, tipo, sintomas, pressao_arterial, id_paciente, id_profissional, id_unidade_saude) VALUES (67, '2024-11-20 12:13:50.290648', 'Primeira Consulta', 'Accusantium commodi nisi sequi.', '111/59', 12, 1, 3);
INSERT INTO Consulta (id_consulta, data, tipo, sintomas, pressao_arterial, id_paciente, id_profissional, id_unidade_saude) VALUES (68, '2025-03-31 12:44:26.633896', 'Retorno', 'Sit et eveniet quae non.', '109/72', 33, 9, 3);
INSERT INTO Consulta (id_consulta, data, tipo, sintomas, pressao_arterial, id_paciente, id_profissional, id_unidade_saude) VALUES (69, '2025-03-13 23:08:00.498289', 'Emergência', 'Deserunt rerum at est suscipit.', '131/64', 11, 8, 5);
INSERT INTO Consulta (id_consulta, data, tipo, sintomas, pressao_arterial, id_paciente, id_profissional, id_unidade_saude) VALUES (70, '2025-04-12 20:59:03.963826', 'Emergência', 'Repellendus dicta enim sapiente deleniti.', '100/53', 13, 5, 3);
INSERT INTO Consulta (id_consulta, data, tipo, sintomas, pressao_arterial, id_paciente, id_profissional, id_unidade_saude) VALUES (71, '2025-03-25 03:20:50.469857', 'Primeira Consulta', 'Eius eveniet molestiae at quisquam ipsam.', '93/87', 44, 9, 2);
INSERT INTO Consulta (id_consulta, data, tipo, sintomas, pressao_arterial, id_paciente, id_profissional, id_unidade_saude) VALUES (72, '2024-11-23 14:53:33.469234', 'Primeira Consulta', 'Odio animi explicabo quo ea.', '134/72', 25, 3, 3);
INSERT INTO Consulta (id_consulta, data, tipo, sintomas, pressao_arterial, id_paciente, id_profissional, id_unidade_saude) VALUES (73, '2025-01-13 12:54:52.844444', 'Retorno', 'Voluptates commodi iste.', '112/61', 29, 3, 2);
INSERT INTO Consulta (id_consulta, data, tipo, sintomas, pressao_arterial, id_paciente, id_profissional, id_unidade_saude) VALUES (74, '2025-01-21 23:28:09.031990', 'Retorno', 'Sit nulla accusamus accusamus laboriosam sequi voluptatibus.', '98/57', 2, 5, 3);
INSERT INTO Consulta (id_consulta, data, tipo, sintomas, pressao_arterial, id_paciente, id_profissional, id_unidade_saude) VALUES (75, '2025-01-28 22:30:04.492247', 'Emergência', 'Modi unde necessitatibus harum consequuntur deserunt enim a.', '95/60', 26, 3, 5);
INSERT INTO Consulta (id_consulta, data, tipo, sintomas, pressao_arterial, id_paciente, id_profissional, id_unidade_saude) VALUES (76, '2025-04-18 00:11:19.349787', 'Retorno', 'Recusandae magni doloremque qui.', '82/83', 3, 5, 1);
INSERT INTO Consulta (id_consulta, data, tipo, sintomas, pressao_arterial, id_paciente, id_profissional, id_unidade_saude) VALUES (77, '2025-02-06 18:17:36.418932', 'Emergência', 'Optio quibusdam modi sit expedita.', '133/84', 32, 6, 5);
INSERT INTO Consulta (id_consulta, data, tipo, sintomas, pressao_arterial, id_paciente, id_profissional, id_unidade_saude) VALUES (78, '2025-03-04 20:38:42.876221', 'Retorno', 'Quidem natus at assumenda eligendi odio.', '82/75', 3, 8, 2);
INSERT INTO Consulta (id_consulta, data, tipo, sintomas, pressao_arterial, id_paciente, id_profissional, id_unidade_saude) VALUES (79, '2025-03-18 06:14:47.218811', 'Emergência', 'Sint illo quisquam officiis unde nemo sunt.', '119/86', 39, 10, 3);
INSERT INTO Consulta (id_consulta, data, tipo, sintomas, pressao_arterial, id_paciente, id_profissional, id_unidade_saude) VALUES (80, '2025-02-25 18:24:12.704658', 'Emergência', 'Voluptatum itaque veniam.', '125/52', 11, 10, 3);
INSERT INTO Consulta (id_consulta, data, tipo, sintomas, pressao_arterial, id_paciente, id_profissional, id_unidade_saude) VALUES (81, '2025-04-10 21:37:23.883502', 'Retorno', 'Maxime minima magni impedit.', '103/54', 25, 10, 4);
INSERT INTO Consulta (id_consulta, data, tipo, sintomas, pressao_arterial, id_paciente, id_profissional, id_unidade_saude) VALUES (82, '2024-11-12 14:40:31.521924', 'Emergência', 'Praesentium atque voluptates sequi expedita quasi.', '109/58', 29, 8, 5);
INSERT INTO Consulta (id_consulta, data, tipo, sintomas, pressao_arterial, id_paciente, id_profissional, id_unidade_saude) VALUES (83, '2025-04-27 22:02:12.587412', 'Retorno', 'Incidunt placeat ex ad.', '125/55', 43, 5, 4);
INSERT INTO Consulta (id_consulta, data, tipo, sintomas, pressao_arterial, id_paciente, id_profissional, id_unidade_saude) VALUES (84, '2025-01-03 11:13:00.916013', 'Retorno', 'Mollitia architecto ab atque cupiditate nam necessitatibus.', '108/71', 27, 9, 2);
INSERT INTO Consulta (id_consulta, data, tipo, sintomas, pressao_arterial, id_paciente, id_profissional, id_unidade_saude) VALUES (85, '2025-04-09 08:51:48.173192', 'Emergência', 'Commodi fugit vel consequuntur a.', '88/52', 12, 8, 4);
INSERT INTO Consulta (id_consulta, data, tipo, sintomas, pressao_arterial, id_paciente, id_profissional, id_unidade_saude) VALUES (86, '2024-11-26 13:03:12.553082', 'Primeira Consulta', 'Quam occaecati iusto inventore quidem.', '80/89', 44, 8, 2);
INSERT INTO Consulta (id_consulta, data, tipo, sintomas, pressao_arterial, id_paciente, id_profissional, id_unidade_saude) VALUES (87, '2025-01-22 19:51:08.445314', 'Primeira Consulta', 'Temporibus autem consequuntur mollitia fugit dicta temporibus.', '127/52', 18, 4, 4);
INSERT INTO Consulta (id_consulta, data, tipo, sintomas, pressao_arterial, id_paciente, id_profissional, id_unidade_saude) VALUES (88, '2025-04-17 06:51:51.222073', 'Retorno', 'Rerum commodi tempora quam.', '124/75', 47, 2, 2);
INSERT INTO Consulta (id_consulta, data, tipo, sintomas, pressao_arterial, id_paciente, id_profissional, id_unidade_saude) VALUES (89, '2025-01-28 10:02:29.436905', 'Primeira Consulta', 'Cum eos officiis illum voluptates in.', '126/78', 7, 7, 5);
INSERT INTO Consulta (id_consulta, data, tipo, sintomas, pressao_arterial, id_paciente, id_profissional, id_unidade_saude) VALUES (90, '2025-02-28 04:37:08.016728', 'Emergência', 'Dicta a iste nihil dolor quis quas.', '119/82', 16, 8, 5);
INSERT INTO Consulta (id_consulta, data, tipo, sintomas, pressao_arterial, id_paciente, id_profissional, id_unidade_saude) VALUES (91, '2024-12-09 22:13:53.520674', 'Emergência', 'Quidem eius impedit natus aliquid nisi debitis temporibus.', '80/51', 43, 6, 5);
INSERT INTO Consulta (id_consulta, data, tipo, sintomas, pressao_arterial, id_paciente, id_profissional, id_unidade_saude) VALUES (92, '2024-11-27 08:10:36.124507', 'Primeira Consulta', 'Sed aut ab eum sequi id exercitationem.', '91/51', 3, 10, 5);
INSERT INTO Consulta (id_consulta, data, tipo, sintomas, pressao_arterial, id_paciente, id_profissional, id_unidade_saude) VALUES (93, '2025-01-23 08:16:22.752393', 'Primeira Consulta', 'Nulla quidem impedit amet.', '136/52', 30, 5, 1);
INSERT INTO Consulta (id_consulta, data, tipo, sintomas, pressao_arterial, id_paciente, id_profissional, id_unidade_saude) VALUES (94, '2025-02-18 03:57:34.045515', 'Emergência', 'Velit eligendi quam iure.', '89/56', 15, 8, 4);
INSERT INTO Consulta (id_consulta, data, tipo, sintomas, pressao_arterial, id_paciente, id_profissional, id_unidade_saude) VALUES (95, '2025-03-23 09:14:29.222121', 'Primeira Consulta', 'Illum non dolores eveniet.', '107/63', 41, 6, 3);
INSERT INTO Consulta (id_consulta, data, tipo, sintomas, pressao_arterial, id_paciente, id_profissional, id_unidade_saude) VALUES (96, '2024-11-11 10:58:56.069616', 'Retorno', 'Nisi ullam qui nulla.', '92/66', 16, 5, 3);
INSERT INTO Consulta (id_consulta, data, tipo, sintomas, pressao_arterial, id_paciente, id_profissional, id_unidade_saude) VALUES (97, '2025-03-12 05:58:46.762704', 'Emergência', 'Soluta a accusamus.', '110/67', 45, 3, 1);
INSERT INTO Consulta (id_consulta, data, tipo, sintomas, pressao_arterial, id_paciente, id_profissional, id_unidade_saude) VALUES (98, '2025-03-22 07:39:38.199024', 'Retorno', 'Sunt ab voluptas earum tempora minus.', '82/78', 16, 2, 4);
INSERT INTO Consulta (id_consulta, data, tipo, sintomas, pressao_arterial, id_paciente, id_profissional, id_unidade_saude) VALUES (99, '2025-03-20 17:40:20.747256', 'Primeira Consulta', 'Iure ab quos laudantium qui.', '103/51', 43, 7, 1);
INSERT INTO Consulta (id_consulta, data, tipo, sintomas, pressao_arterial, id_paciente, id_profissional, id_unidade_saude) VALUES (100, '2025-01-28 03:07:07.475530', 'Emergência', 'Delectus tempora praesentium inventore repudiandae adipisci similique aperiam.', '127/66', 8, 9, 4);