DELETE FROM Consulta;
DELETE FROM Exame;
DELETE FROM Unidade_Saude;
DELETE FROM Paciente;
DELETE FROM Profissional_Saude;
INSERT INTO Profissional_Saude (id_profissional, nome, cargo, tipo_registro, registro_conselho) VALUES (1, 'Enzo Novais', 'Pediatra', 'CRF', 'FB-34284');
INSERT INTO Profissional_Saude (id_profissional, nome, cargo, tipo_registro, registro_conselho) VALUES (2, 'Sr. Henry Gabriel Rezende', 'Cardiologista', 'COREN', 'Wb-54398');
INSERT INTO Profissional_Saude (id_profissional, nome, cargo, tipo_registro, registro_conselho) VALUES (3, 'Maria Flor Teixeira', 'Clínico Geral', 'CRM', 'Pf-38978');
INSERT INTO Profissional_Saude (id_profissional, nome, cargo, tipo_registro, registro_conselho) VALUES (4, 'Sr. Heitor Guerra', 'Cardiologista', 'CRO', 'wS-34586');
INSERT INTO Profissional_Saude (id_profissional, nome, cargo, tipo_registro, registro_conselho) VALUES (5, 'Ravy da Cruz', 'Cardiologista', 'CRO', 'QV-95991');
INSERT INTO Profissional_Saude (id_profissional, nome, cargo, tipo_registro, registro_conselho) VALUES (6, 'Lorenzo Barros', 'Cardiologista', 'CRO', 'HB-22658');
INSERT INTO Profissional_Saude (id_profissional, nome, cargo, tipo_registro, registro_conselho) VALUES (7, 'Maria Sophia Guerra', 'Pediatra', 'CRM', 'LD-46263');
INSERT INTO Profissional_Saude (id_profissional, nome, cargo, tipo_registro, registro_conselho) VALUES (8, 'Francisco Pacheco', 'Cardiologista', 'CRF', 'ji-20182');
INSERT INTO Profissional_Saude (id_profissional, nome, cargo, tipo_registro, registro_conselho) VALUES (9, 'Sr. Murilo Rodrigues', 'Pediatra', 'CRF', 'nd-43298');
INSERT INTO Profissional_Saude (id_profissional, nome, cargo, tipo_registro, registro_conselho) VALUES (10, 'Mariah Silveira', 'Enfermeiro', 'CRF', 'Op-46520');
INSERT INTO Paciente (id_paciente, cpf, nome, data_nascimento, sexo) VALUES (1, '45921783609', 'Dr. Valentim Pastor', '1992-11-04', 'M');
INSERT INTO Paciente (id_paciente, cpf, nome, data_nascimento, sexo) VALUES (2, '92157648011', 'Luana Vargas', '2018-04-06', 'M');
INSERT INTO Paciente (id_paciente, cpf, nome, data_nascimento, sexo) VALUES (3, '82107395497', 'Theodoro Araújo', '1990-04-27', 'F');
INSERT INTO Paciente (id_paciente, cpf, nome, data_nascimento, sexo) VALUES (4, '28504139689', 'Valentim Borges', '1940-09-06', 'O');
INSERT INTO Paciente (id_paciente, cpf, nome, data_nascimento, sexo) VALUES (5, '03284759123', 'Leandro Costa', '1967-12-28', 'F');
INSERT INTO Paciente (id_paciente, cpf, nome, data_nascimento, sexo) VALUES (6, '48916503205', 'Dr. Francisco Novais', '2017-10-20', 'M');
INSERT INTO Paciente (id_paciente, cpf, nome, data_nascimento, sexo) VALUES (7, '56723804171', 'Srta. Aylla da Rosa', '1953-09-07', 'M');
INSERT INTO Paciente (id_paciente, cpf, nome, data_nascimento, sexo) VALUES (8, '73809246131', 'Oliver Ramos', '1966-09-26', 'M');
INSERT INTO Paciente (id_paciente, cpf, nome, data_nascimento, sexo) VALUES (9, '78921543619', 'Alana Marques', '2005-07-11', 'M');
INSERT INTO Paciente (id_paciente, cpf, nome, data_nascimento, sexo) VALUES (10, '23871064904', 'Valentina Montenegro', '1974-04-03', 'M');
INSERT INTO Paciente (id_paciente, cpf, nome, data_nascimento, sexo) VALUES (11, '12057394832', 'Antônio Ribeiro', '2000-07-21', 'F');
INSERT INTO Paciente (id_paciente, cpf, nome, data_nascimento, sexo) VALUES (12, '40815679211', 'Theodoro Cavalcante', '1984-05-09', 'F');
INSERT INTO Paciente (id_paciente, cpf, nome, data_nascimento, sexo) VALUES (13, '51078324662', 'Ana Julia das Neves', '1953-10-04', 'O');
INSERT INTO Paciente (id_paciente, cpf, nome, data_nascimento, sexo) VALUES (14, '57284306190', 'Sr. Lucca Macedo', '1963-03-03', 'O');
INSERT INTO Paciente (id_paciente, cpf, nome, data_nascimento, sexo) VALUES (15, '69452037199', 'Felipe Sá', '1942-02-23', 'M');
INSERT INTO Paciente (id_paciente, cpf, nome, data_nascimento, sexo) VALUES (16, '40357219643', 'Dante Vasconcelos', '1961-01-11', 'F');
INSERT INTO Paciente (id_paciente, cpf, nome, data_nascimento, sexo) VALUES (17, '98017364539', 'Benjamim Almeida', '1994-05-11', 'O');
INSERT INTO Paciente (id_paciente, cpf, nome, data_nascimento, sexo) VALUES (18, '20517638959', 'Gustavo Ribeiro', '2020-06-16', 'F');
INSERT INTO Paciente (id_paciente, cpf, nome, data_nascimento, sexo) VALUES (19, '64591028720', 'Léo Barros', '1986-07-09', 'F');
INSERT INTO Paciente (id_paciente, cpf, nome, data_nascimento, sexo) VALUES (20, '86925431015', 'Davi Luiz Rezende', '1982-04-04', 'F');
INSERT INTO Paciente (id_paciente, cpf, nome, data_nascimento, sexo) VALUES (21, '28694350106', 'Srta. Maria Luísa Santos', '1937-02-26', 'F');
INSERT INTO Paciente (id_paciente, cpf, nome, data_nascimento, sexo) VALUES (22, '65930127425', 'Sr. Brayan Leão', '1989-06-03', 'M');
INSERT INTO Paciente (id_paciente, cpf, nome, data_nascimento, sexo) VALUES (23, '27483190523', 'Zoe Cassiano', '2018-03-18', 'F');
INSERT INTO Paciente (id_paciente, cpf, nome, data_nascimento, sexo) VALUES (24, '96381705493', 'Gael Pimenta', '1950-08-21', 'F');
INSERT INTO Paciente (id_paciente, cpf, nome, data_nascimento, sexo) VALUES (25, '96138205740', 'Yasmin Jesus', '1959-01-23', 'F');
INSERT INTO Paciente (id_paciente, cpf, nome, data_nascimento, sexo) VALUES (26, '30769218431', 'Sr. Guilherme Carvalho', '2017-02-17', 'O');
INSERT INTO Paciente (id_paciente, cpf, nome, data_nascimento, sexo) VALUES (27, '32187469069', 'Miguel Melo', '2022-12-01', 'F');
INSERT INTO Paciente (id_paciente, cpf, nome, data_nascimento, sexo) VALUES (28, '83762094187', 'Dra. Valentina Casa Grande', '1941-09-25', 'F');
INSERT INTO Paciente (id_paciente, cpf, nome, data_nascimento, sexo) VALUES (29, '29546783056', 'Leandro Siqueira', '1951-03-06', 'M');
INSERT INTO Paciente (id_paciente, cpf, nome, data_nascimento, sexo) VALUES (30, '47501396299', 'Davi Luiz da Costa', '2010-06-06', 'O');
INSERT INTO Paciente (id_paciente, cpf, nome, data_nascimento, sexo) VALUES (31, '84720195601', 'Alícia Martins', '1969-09-06', 'O');
INSERT INTO Paciente (id_paciente, cpf, nome, data_nascimento, sexo) VALUES (32, '47386901593', 'Vitor da Mata', '1949-08-18', 'F');
INSERT INTO Paciente (id_paciente, cpf, nome, data_nascimento, sexo) VALUES (33, '95086423198', 'Sr. Henry Vieira', '1975-08-01', 'O');
INSERT INTO Paciente (id_paciente, cpf, nome, data_nascimento, sexo) VALUES (34, '38762419013', 'Ana Sophia Duarte', '2008-07-03', 'M');
INSERT INTO Paciente (id_paciente, cpf, nome, data_nascimento, sexo) VALUES (35, '24810657353', 'Otto Fogaça', '1946-03-28', 'M');
INSERT INTO Paciente (id_paciente, cpf, nome, data_nascimento, sexo) VALUES (36, '78310269404', 'Pietro Araújo', '1951-06-23', 'M');
INSERT INTO Paciente (id_paciente, cpf, nome, data_nascimento, sexo) VALUES (37, '31045782904', 'Sra. Maitê Lopes', '1935-11-02', 'O');
INSERT INTO Paciente (id_paciente, cpf, nome, data_nascimento, sexo) VALUES (38, '08234615998', 'Aurora Sampaio', '1935-12-10', 'F');
INSERT INTO Paciente (id_paciente, cpf, nome, data_nascimento, sexo) VALUES (39, '43218650933', 'Eloah Andrade', '1941-05-26', 'M');
INSERT INTO Paciente (id_paciente, cpf, nome, data_nascimento, sexo) VALUES (40, '38751920603', 'Yasmin Camargo', '2017-10-25', 'F');
INSERT INTO Paciente (id_paciente, cpf, nome, data_nascimento, sexo) VALUES (41, '38452670974', 'Ana Luiza da Rocha', '2013-11-05', 'M');
INSERT INTO Paciente (id_paciente, cpf, nome, data_nascimento, sexo) VALUES (42, '52196038768', 'Ana Sophia Leão', '1992-04-25', 'O');
INSERT INTO Paciente (id_paciente, cpf, nome, data_nascimento, sexo) VALUES (43, '62794310534', 'Maitê Pinto', '1960-05-03', 'F');
INSERT INTO Paciente (id_paciente, cpf, nome, data_nascimento, sexo) VALUES (44, '76348951057', 'Kaique Cavalcante', '1986-12-06', 'F');
INSERT INTO Paciente (id_paciente, cpf, nome, data_nascimento, sexo) VALUES (45, '94586213051', 'Henry Ribeiro', '2007-11-09', 'F');
INSERT INTO Paciente (id_paciente, cpf, nome, data_nascimento, sexo) VALUES (46, '50687214920', 'Lara da Paz', '2019-11-07', 'F');
INSERT INTO Paciente (id_paciente, cpf, nome, data_nascimento, sexo) VALUES (47, '24906873103', 'Sr. Leonardo Cunha', '1964-12-25', 'M');
INSERT INTO Paciente (id_paciente, cpf, nome, data_nascimento, sexo) VALUES (48, '81396425764', 'Nathan Sampaio', '1990-11-09', 'O');
INSERT INTO Paciente (id_paciente, cpf, nome, data_nascimento, sexo) VALUES (49, '40573269874', 'Sr. Heitor Pastor', '1956-07-15', 'F');
INSERT INTO Paciente (id_paciente, cpf, nome, data_nascimento, sexo) VALUES (50, '29314608778', 'Srta. Maria Cecília da Rocha', '1948-03-15', 'F');
INSERT INTO Unidade_Saude (id_unidade_saude, nome, tipo_unidade, cidade, bairro) VALUES (1, 'Hospital Municipal Azevedo da Mata', 'Hospital Municipal', 'Cassiano', 'Viela Luiz Henrique Azevedo');
INSERT INTO Unidade_Saude (id_unidade_saude, nome, tipo_unidade, cidade, bairro) VALUES (2, 'UPA Peixoto', 'UPA', 'da Costa de Rocha', 'Trecho Peixoto');
INSERT INTO Unidade_Saude (id_unidade_saude, nome, tipo_unidade, cidade, bairro) VALUES (3, 'UBS Siqueira de Goiás', 'UBS', 'da Luz', 'Viela de Barros');
INSERT INTO Unidade_Saude (id_unidade_saude, nome, tipo_unidade, cidade, bairro) VALUES (4, 'Pronto Socorro da Cunha dos Dourados', 'Pronto Socorro', 'Moraes', 'Jardim de Vasconcelos');
INSERT INTO Unidade_Saude (id_unidade_saude, nome, tipo_unidade, cidade, bairro) VALUES (5, 'Pronto Socorro Andrade do Sul', 'Pronto Socorro', 'Abreu', 'Trecho de Oliveira');
INSERT INTO Exame (id_exame, nome_exame, tipo_exame, data_realizacao, id_profissional, id_paciente) VALUES (1, 'Raio-X', 'Imagem', '2024-12-01 04:26:19.955788', 8, 47);
INSERT INTO Exame (id_exame, nome_exame, tipo_exame, data_realizacao, id_profissional, id_paciente) VALUES (2, 'Raio-X', 'Imagem', '2025-02-21 22:53:51.842471', 10, 34);
INSERT INTO Exame (id_exame, nome_exame, tipo_exame, data_realizacao, id_profissional, id_paciente) VALUES (3, 'Ultrassom', 'Imagem', '2025-03-20 01:01:11.829095', 9, 7);
INSERT INTO Exame (id_exame, nome_exame, tipo_exame, data_realizacao, id_profissional, id_paciente) VALUES (4, 'Ultrassom', 'Imagem', '2025-02-03 20:45:26.150657', 5, 13);
INSERT INTO Exame (id_exame, nome_exame, tipo_exame, data_realizacao, id_profissional, id_paciente) VALUES (5, 'Ultrassom', 'Imagem', '2025-02-07 18:03:30.132064', 5, 3);
INSERT INTO Exame (id_exame, nome_exame, tipo_exame, data_realizacao, id_profissional, id_paciente) VALUES (6, 'Ultrassom', 'Laboratorial', '2024-11-15 21:59:09.248811', 5, 43);
INSERT INTO Exame (id_exame, nome_exame, tipo_exame, data_realizacao, id_profissional, id_paciente) VALUES (7, 'Raio-X', 'Imagem', '2025-04-11 21:41:15.648238', 5, 25);
INSERT INTO Exame (id_exame, nome_exame, tipo_exame, data_realizacao, id_profissional, id_paciente) VALUES (8, 'Raio-X', 'Imagem', '2024-12-02 02:51:48.516855', 10, 41);
INSERT INTO Exame (id_exame, nome_exame, tipo_exame, data_realizacao, id_profissional, id_paciente) VALUES (9, 'Raio-X', 'Imagem', '2025-02-06 05:13:00.419310', 7, 20);
INSERT INTO Exame (id_exame, nome_exame, tipo_exame, data_realizacao, id_profissional, id_paciente) VALUES (10, 'Ultrassom', 'Laboratorial', '2025-01-18 10:28:43.086711', 7, 5);
INSERT INTO Exame (id_exame, nome_exame, tipo_exame, data_realizacao, id_profissional, id_paciente) VALUES (11, 'Ultrassom', 'Laboratorial', '2024-11-10 19:09:51.084432', 9, 16);
INSERT INTO Exame (id_exame, nome_exame, tipo_exame, data_realizacao, id_profissional, id_paciente) VALUES (12, 'Eletrocardiograma', 'Imagem', '2025-04-10 08:44:38.159199', 5, 6);
INSERT INTO Exame (id_exame, nome_exame, tipo_exame, data_realizacao, id_profissional, id_paciente) VALUES (13, 'Raio-X', 'Laboratorial', '2025-01-23 11:14:36.749696', 8, 31);
INSERT INTO Exame (id_exame, nome_exame, tipo_exame, data_realizacao, id_profissional, id_paciente) VALUES (14, 'Hemograma', 'Laboratorial', '2025-02-02 06:58:45.803216', 1, 9);
INSERT INTO Exame (id_exame, nome_exame, tipo_exame, data_realizacao, id_profissional, id_paciente) VALUES (15, 'Ultrassom', 'Imagem', '2025-02-11 13:21:40.850011', 10, 50);
INSERT INTO Exame (id_exame, nome_exame, tipo_exame, data_realizacao, id_profissional, id_paciente) VALUES (16, 'Ultrassom', 'Laboratorial', '2025-01-12 15:20:30.462644', 5, 32);
INSERT INTO Exame (id_exame, nome_exame, tipo_exame, data_realizacao, id_profissional, id_paciente) VALUES (17, 'Hemograma', 'Imagem', '2025-04-30 13:58:39.734454', 3, 25);
INSERT INTO Exame (id_exame, nome_exame, tipo_exame, data_realizacao, id_profissional, id_paciente) VALUES (18, 'Raio-X', 'Laboratorial', '2024-12-20 10:38:57.268791', 2, 46);
INSERT INTO Exame (id_exame, nome_exame, tipo_exame, data_realizacao, id_profissional, id_paciente) VALUES (19, 'Hemograma', 'Laboratorial', '2025-03-26 14:45:49.726814', 4, 49);
INSERT INTO Exame (id_exame, nome_exame, tipo_exame, data_realizacao, id_profissional, id_paciente) VALUES (20, 'Eletrocardiograma', 'Laboratorial', '2025-02-21 06:14:53.953034', 6, 25);
INSERT INTO Exame (id_exame, nome_exame, tipo_exame, data_realizacao, id_profissional, id_paciente) VALUES (21, 'Eletrocardiograma', 'Laboratorial', '2025-01-29 17:51:32.635715', 7, 10);
INSERT INTO Exame (id_exame, nome_exame, tipo_exame, data_realizacao, id_profissional, id_paciente) VALUES (22, 'Hemograma', 'Imagem', '2025-04-19 16:49:32.383108', 4, 36);
INSERT INTO Exame (id_exame, nome_exame, tipo_exame, data_realizacao, id_profissional, id_paciente) VALUES (23, 'Hemograma', 'Imagem', '2025-01-16 04:34:00.356579', 5, 34);
INSERT INTO Exame (id_exame, nome_exame, tipo_exame, data_realizacao, id_profissional, id_paciente) VALUES (24, 'Ultrassom', 'Imagem', '2024-12-10 08:57:47.754416', 5, 37);
INSERT INTO Exame (id_exame, nome_exame, tipo_exame, data_realizacao, id_profissional, id_paciente) VALUES (25, 'Hemograma', 'Laboratorial', '2024-12-22 20:03:19.622152', 2, 9);
INSERT INTO Exame (id_exame, nome_exame, tipo_exame, data_realizacao, id_profissional, id_paciente) VALUES (26, 'Raio-X', 'Imagem', '2025-04-09 11:54:08.703515', 1, 10);
INSERT INTO Exame (id_exame, nome_exame, tipo_exame, data_realizacao, id_profissional, id_paciente) VALUES (27, 'Ultrassom', 'Laboratorial', '2024-12-07 12:42:25.745640', 2, 26);
INSERT INTO Exame (id_exame, nome_exame, tipo_exame, data_realizacao, id_profissional, id_paciente) VALUES (28, 'Hemograma', 'Imagem', '2025-04-10 05:42:05.588855', 10, 50);
INSERT INTO Exame (id_exame, nome_exame, tipo_exame, data_realizacao, id_profissional, id_paciente) VALUES (29, 'Ultrassom', 'Imagem', '2024-12-19 04:34:17.247456', 3, 24);
INSERT INTO Exame (id_exame, nome_exame, tipo_exame, data_realizacao, id_profissional, id_paciente) VALUES (30, 'Ultrassom', 'Laboratorial', '2025-05-06 17:46:51.579840', 8, 24);
INSERT INTO Exame (id_exame, nome_exame, tipo_exame, data_realizacao, id_profissional, id_paciente) VALUES (31, 'Raio-X', 'Laboratorial', '2025-05-08 06:18:40.314592', 5, 45);
INSERT INTO Exame (id_exame, nome_exame, tipo_exame, data_realizacao, id_profissional, id_paciente) VALUES (32, 'Raio-X', 'Imagem', '2025-02-25 23:11:55.990893', 8, 11);
INSERT INTO Exame (id_exame, nome_exame, tipo_exame, data_realizacao, id_profissional, id_paciente) VALUES (33, 'Ultrassom', 'Imagem', '2025-02-19 03:37:54.924770', 3, 11);
INSERT INTO Exame (id_exame, nome_exame, tipo_exame, data_realizacao, id_profissional, id_paciente) VALUES (34, 'Eletrocardiograma', 'Imagem', '2025-01-25 02:12:52.011118', 5, 25);
INSERT INTO Exame (id_exame, nome_exame, tipo_exame, data_realizacao, id_profissional, id_paciente) VALUES (35, 'Raio-X', 'Imagem', '2025-03-13 19:25:52.769112', 8, 30);
INSERT INTO Exame (id_exame, nome_exame, tipo_exame, data_realizacao, id_profissional, id_paciente) VALUES (36, 'Raio-X', 'Imagem', '2025-02-17 20:26:31.023621', 4, 21);
INSERT INTO Exame (id_exame, nome_exame, tipo_exame, data_realizacao, id_profissional, id_paciente) VALUES (37, 'Ultrassom', 'Laboratorial', '2024-11-12 07:34:33.032033', 4, 5);
INSERT INTO Exame (id_exame, nome_exame, tipo_exame, data_realizacao, id_profissional, id_paciente) VALUES (38, 'Hemograma', 'Laboratorial', '2024-11-23 10:37:34.585251', 6, 10);
INSERT INTO Exame (id_exame, nome_exame, tipo_exame, data_realizacao, id_profissional, id_paciente) VALUES (39, 'Hemograma', 'Laboratorial', '2025-02-28 08:42:10.429274', 4, 8);
INSERT INTO Exame (id_exame, nome_exame, tipo_exame, data_realizacao, id_profissional, id_paciente) VALUES (40, 'Ultrassom', 'Laboratorial', '2025-05-06 13:13:04.803385', 6, 11);
INSERT INTO Exame (id_exame, nome_exame, tipo_exame, data_realizacao, id_profissional, id_paciente) VALUES (41, 'Eletrocardiograma', 'Laboratorial', '2025-03-21 00:49:01.874969', 10, 29);
INSERT INTO Exame (id_exame, nome_exame, tipo_exame, data_realizacao, id_profissional, id_paciente) VALUES (42, 'Eletrocardiograma', 'Laboratorial', '2025-02-10 20:35:53.532617', 9, 30);
INSERT INTO Exame (id_exame, nome_exame, tipo_exame, data_realizacao, id_profissional, id_paciente) VALUES (43, 'Hemograma', 'Laboratorial', '2025-01-12 12:35:13.667781', 4, 34);
INSERT INTO Exame (id_exame, nome_exame, tipo_exame, data_realizacao, id_profissional, id_paciente) VALUES (44, 'Hemograma', 'Imagem', '2025-03-15 11:44:31.381610', 7, 24);
INSERT INTO Exame (id_exame, nome_exame, tipo_exame, data_realizacao, id_profissional, id_paciente) VALUES (45, 'Ultrassom', 'Laboratorial', '2025-04-16 19:44:15.465190', 1, 25);
INSERT INTO Exame (id_exame, nome_exame, tipo_exame, data_realizacao, id_profissional, id_paciente) VALUES (46, 'Raio-X', 'Imagem', '2025-02-01 14:14:41.421941', 4, 3);
INSERT INTO Exame (id_exame, nome_exame, tipo_exame, data_realizacao, id_profissional, id_paciente) VALUES (47, 'Raio-X', 'Laboratorial', '2025-02-20 13:32:58.772589', 8, 27);
INSERT INTO Exame (id_exame, nome_exame, tipo_exame, data_realizacao, id_profissional, id_paciente) VALUES (48, 'Hemograma', 'Laboratorial', '2025-01-29 18:08:10.177938', 5, 50);
INSERT INTO Exame (id_exame, nome_exame, tipo_exame, data_realizacao, id_profissional, id_paciente) VALUES (49, 'Raio-X', 'Imagem', '2025-03-31 11:22:12.975339', 2, 3);
INSERT INTO Exame (id_exame, nome_exame, tipo_exame, data_realizacao, id_profissional, id_paciente) VALUES (50, 'Raio-X', 'Laboratorial', '2025-03-06 04:56:51.481885', 10, 17);
INSERT INTO Exame (id_exame, nome_exame, tipo_exame, data_realizacao, id_profissional, id_paciente) VALUES (51, 'Hemograma', 'Laboratorial', '2025-01-28 01:26:27.775310', 6, 49);
INSERT INTO Exame (id_exame, nome_exame, tipo_exame, data_realizacao, id_profissional, id_paciente) VALUES (52, 'Hemograma', 'Imagem', '2024-11-19 05:47:33.653343', 4, 20);
INSERT INTO Exame (id_exame, nome_exame, tipo_exame, data_realizacao, id_profissional, id_paciente) VALUES (53, 'Raio-X', 'Imagem', '2025-03-09 03:39:28.956844', 5, 20);
INSERT INTO Exame (id_exame, nome_exame, tipo_exame, data_realizacao, id_profissional, id_paciente) VALUES (54, 'Ultrassom', 'Imagem', '2025-03-19 10:52:11.806118', 4, 49);
INSERT INTO Exame (id_exame, nome_exame, tipo_exame, data_realizacao, id_profissional, id_paciente) VALUES (55, 'Raio-X', 'Imagem', '2025-01-03 01:53:15.780516', 5, 8);
INSERT INTO Exame (id_exame, nome_exame, tipo_exame, data_realizacao, id_profissional, id_paciente) VALUES (56, 'Ultrassom', 'Imagem', '2024-11-09 21:15:07.158698', 4, 23);
INSERT INTO Exame (id_exame, nome_exame, tipo_exame, data_realizacao, id_profissional, id_paciente) VALUES (57, 'Hemograma', 'Imagem', '2025-01-11 06:19:36.045903', 2, 16);
INSERT INTO Exame (id_exame, nome_exame, tipo_exame, data_realizacao, id_profissional, id_paciente) VALUES (58, 'Ultrassom', 'Imagem', '2025-03-27 09:13:55.815488', 3, 8);
INSERT INTO Exame (id_exame, nome_exame, tipo_exame, data_realizacao, id_profissional, id_paciente) VALUES (59, 'Hemograma', 'Laboratorial', '2025-04-23 09:29:14.025030', 6, 37);
INSERT INTO Exame (id_exame, nome_exame, tipo_exame, data_realizacao, id_profissional, id_paciente) VALUES (60, 'Raio-X', 'Imagem', '2025-03-06 01:29:27.094153', 10, 15);
INSERT INTO Exame (id_exame, nome_exame, tipo_exame, data_realizacao, id_profissional, id_paciente) VALUES (61, 'Hemograma', 'Laboratorial', '2025-03-20 07:25:52.755843', 3, 12);
INSERT INTO Exame (id_exame, nome_exame, tipo_exame, data_realizacao, id_profissional, id_paciente) VALUES (62, 'Ultrassom', 'Imagem', '2025-04-11 02:28:58.929063', 9, 1);
INSERT INTO Exame (id_exame, nome_exame, tipo_exame, data_realizacao, id_profissional, id_paciente) VALUES (63, 'Eletrocardiograma', 'Laboratorial', '2025-02-21 11:34:04.540151', 6, 9);
INSERT INTO Exame (id_exame, nome_exame, tipo_exame, data_realizacao, id_profissional, id_paciente) VALUES (64, 'Raio-X', 'Laboratorial', '2025-03-24 18:06:40.564163', 7, 16);
INSERT INTO Exame (id_exame, nome_exame, tipo_exame, data_realizacao, id_profissional, id_paciente) VALUES (65, 'Hemograma', 'Imagem', '2025-04-18 23:50:16.061635', 9, 5);
INSERT INTO Exame (id_exame, nome_exame, tipo_exame, data_realizacao, id_profissional, id_paciente) VALUES (66, 'Eletrocardiograma', 'Laboratorial', '2025-02-10 06:09:47.732513', 8, 24);
INSERT INTO Exame (id_exame, nome_exame, tipo_exame, data_realizacao, id_profissional, id_paciente) VALUES (67, 'Hemograma', 'Imagem', '2024-11-14 09:20:01.692436', 9, 5);
INSERT INTO Exame (id_exame, nome_exame, tipo_exame, data_realizacao, id_profissional, id_paciente) VALUES (68, 'Hemograma', 'Laboratorial', '2024-11-08 04:54:43.320960', 3, 12);
INSERT INTO Exame (id_exame, nome_exame, tipo_exame, data_realizacao, id_profissional, id_paciente) VALUES (69, 'Eletrocardiograma', 'Laboratorial', '2025-04-26 15:39:39.830278', 10, 17);
INSERT INTO Exame (id_exame, nome_exame, tipo_exame, data_realizacao, id_profissional, id_paciente) VALUES (70, 'Eletrocardiograma', 'Laboratorial', '2024-11-21 09:45:05.672141', 8, 14);
INSERT INTO Exame (id_exame, nome_exame, tipo_exame, data_realizacao, id_profissional, id_paciente) VALUES (71, 'Ultrassom', 'Laboratorial', '2025-02-19 17:40:06.481863', 3, 5);
INSERT INTO Exame (id_exame, nome_exame, tipo_exame, data_realizacao, id_profissional, id_paciente) VALUES (72, 'Eletrocardiograma', 'Laboratorial', '2025-02-09 14:02:16.638678', 3, 40);
INSERT INTO Exame (id_exame, nome_exame, tipo_exame, data_realizacao, id_profissional, id_paciente) VALUES (73, 'Raio-X', 'Laboratorial', '2024-12-23 07:32:16.387811', 2, 28);
INSERT INTO Exame (id_exame, nome_exame, tipo_exame, data_realizacao, id_profissional, id_paciente) VALUES (74, 'Raio-X', 'Imagem', '2024-12-30 21:36:44.771500', 1, 33);
INSERT INTO Exame (id_exame, nome_exame, tipo_exame, data_realizacao, id_profissional, id_paciente) VALUES (75, 'Raio-X', 'Laboratorial', '2024-11-30 10:53:59.822947', 6, 25);
INSERT INTO Exame (id_exame, nome_exame, tipo_exame, data_realizacao, id_profissional, id_paciente) VALUES (76, 'Eletrocardiograma', 'Laboratorial', '2024-12-18 16:13:09.313843', 7, 10);
INSERT INTO Exame (id_exame, nome_exame, tipo_exame, data_realizacao, id_profissional, id_paciente) VALUES (77, 'Hemograma', 'Imagem', '2024-11-19 00:32:38.054295', 9, 31);
INSERT INTO Exame (id_exame, nome_exame, tipo_exame, data_realizacao, id_profissional, id_paciente) VALUES (78, 'Eletrocardiograma', 'Laboratorial', '2024-12-31 02:32:10.661675', 8, 21);
INSERT INTO Exame (id_exame, nome_exame, tipo_exame, data_realizacao, id_profissional, id_paciente) VALUES (79, 'Raio-X', 'Laboratorial', '2024-12-23 14:58:19.083589', 9, 19);
INSERT INTO Exame (id_exame, nome_exame, tipo_exame, data_realizacao, id_profissional, id_paciente) VALUES (80, 'Ultrassom', 'Imagem', '2025-03-15 20:26:33.355359', 6, 8);
INSERT INTO Exame (id_exame, nome_exame, tipo_exame, data_realizacao, id_profissional, id_paciente) VALUES (81, 'Eletrocardiograma', 'Laboratorial', '2025-04-16 11:09:43.538437', 10, 24);
INSERT INTO Exame (id_exame, nome_exame, tipo_exame, data_realizacao, id_profissional, id_paciente) VALUES (82, 'Ultrassom', 'Laboratorial', '2025-04-11 14:54:01.430341', 10, 43);
INSERT INTO Exame (id_exame, nome_exame, tipo_exame, data_realizacao, id_profissional, id_paciente) VALUES (83, 'Ultrassom', 'Laboratorial', '2025-01-12 15:57:17.001681', 5, 29);
INSERT INTO Exame (id_exame, nome_exame, tipo_exame, data_realizacao, id_profissional, id_paciente) VALUES (84, 'Hemograma', 'Laboratorial', '2025-03-21 03:10:43.111395', 6, 48);
INSERT INTO Exame (id_exame, nome_exame, tipo_exame, data_realizacao, id_profissional, id_paciente) VALUES (85, 'Eletrocardiograma', 'Imagem', '2025-02-24 10:44:17.312139', 9, 28);
INSERT INTO Exame (id_exame, nome_exame, tipo_exame, data_realizacao, id_profissional, id_paciente) VALUES (86, 'Raio-X', 'Imagem', '2024-11-16 05:32:42.083257', 1, 26);
INSERT INTO Exame (id_exame, nome_exame, tipo_exame, data_realizacao, id_profissional, id_paciente) VALUES (87, 'Raio-X', 'Laboratorial', '2024-12-12 07:22:23.176378', 4, 10);
INSERT INTO Exame (id_exame, nome_exame, tipo_exame, data_realizacao, id_profissional, id_paciente) VALUES (88, 'Raio-X', 'Imagem', '2025-04-06 16:05:19.443361', 10, 31);
INSERT INTO Exame (id_exame, nome_exame, tipo_exame, data_realizacao, id_profissional, id_paciente) VALUES (89, 'Ultrassom', 'Laboratorial', '2025-04-24 21:37:04.001798', 8, 40);
INSERT INTO Exame (id_exame, nome_exame, tipo_exame, data_realizacao, id_profissional, id_paciente) VALUES (90, 'Raio-X', 'Laboratorial', '2024-11-20 15:24:04.655565', 5, 48);
INSERT INTO Exame (id_exame, nome_exame, tipo_exame, data_realizacao, id_profissional, id_paciente) VALUES (91, 'Ultrassom', 'Laboratorial', '2025-03-01 17:19:01.674478', 7, 7);
INSERT INTO Exame (id_exame, nome_exame, tipo_exame, data_realizacao, id_profissional, id_paciente) VALUES (92, 'Hemograma', 'Imagem', '2025-02-16 09:24:52.122210', 1, 4);
INSERT INTO Exame (id_exame, nome_exame, tipo_exame, data_realizacao, id_profissional, id_paciente) VALUES (93, 'Eletrocardiograma', 'Laboratorial', '2025-01-10 21:32:10.541965', 3, 20);
INSERT INTO Exame (id_exame, nome_exame, tipo_exame, data_realizacao, id_profissional, id_paciente) VALUES (94, 'Eletrocardiograma', 'Laboratorial', '2025-03-12 14:59:50.851603', 1, 46);
INSERT INTO Exame (id_exame, nome_exame, tipo_exame, data_realizacao, id_profissional, id_paciente) VALUES (95, 'Hemograma', 'Laboratorial', '2025-02-05 18:01:41.642858', 1, 11);
INSERT INTO Exame (id_exame, nome_exame, tipo_exame, data_realizacao, id_profissional, id_paciente) VALUES (96, 'Raio-X', 'Imagem', '2025-03-28 09:42:28.316212', 4, 35);
INSERT INTO Exame (id_exame, nome_exame, tipo_exame, data_realizacao, id_profissional, id_paciente) VALUES (97, 'Hemograma', 'Imagem', '2024-12-11 01:18:05.354154', 2, 39);
INSERT INTO Exame (id_exame, nome_exame, tipo_exame, data_realizacao, id_profissional, id_paciente) VALUES (98, 'Raio-X', 'Laboratorial', '2024-11-27 07:07:07.173828', 8, 13);
INSERT INTO Exame (id_exame, nome_exame, tipo_exame, data_realizacao, id_profissional, id_paciente) VALUES (99, 'Eletrocardiograma', 'Imagem', '2024-11-28 01:13:10.850892', 9, 8);
INSERT INTO Exame (id_exame, nome_exame, tipo_exame, data_realizacao, id_profissional, id_paciente) VALUES (100, 'Eletrocardiograma', 'Imagem', '2025-02-23 10:03:10.989295', 6, 43);
INSERT INTO Consulta (id_consulta, data, tipo, sintomas, pressao_arterial, id_paciente, id_profissional, id_unidade_saude) VALUES (1, '2024-11-18 08:26:36.765160', 'Retorno', 'Fugit a similique accusantium.', '102/58', 3, 1, 1);
INSERT INTO Consulta (id_consulta, data, tipo, sintomas, pressao_arterial, id_paciente, id_profissional, id_unidade_saude) VALUES (2, '2025-02-24 21:29:48.303939', 'Primeira Consulta', 'Omnis laudantium quibusdam mollitia reiciendis dolorem.', '138/84', 23, 2, 3);
INSERT INTO Consulta (id_consulta, data, tipo, sintomas, pressao_arterial, id_paciente, id_profissional, id_unidade_saude) VALUES (3, '2024-12-04 16:15:49.782506', 'Primeira Consulta', 'Numquam repellat totam quam amet unde.', '123/81', 35, 5, 3);
INSERT INTO Consulta (id_consulta, data, tipo, sintomas, pressao_arterial, id_paciente, id_profissional, id_unidade_saude) VALUES (4, '2024-11-29 10:35:59.026601', 'Emergência', 'Nesciunt veritatis quam aliquam.', '127/84', 12, 6, 4);
INSERT INTO Consulta (id_consulta, data, tipo, sintomas, pressao_arterial, id_paciente, id_profissional, id_unidade_saude) VALUES (5, '2025-03-30 10:47:30.615995', 'Emergência', 'Perspiciatis vero nisi laborum.', '95/66', 29, 6, 1);
INSERT INTO Consulta (id_consulta, data, tipo, sintomas, pressao_arterial, id_paciente, id_profissional, id_unidade_saude) VALUES (6, '2024-12-23 12:08:55.486616', 'Retorno', 'Dicta aspernatur laboriosam amet dolores.', '120/88', 9, 1, 1);
INSERT INTO Consulta (id_consulta, data, tipo, sintomas, pressao_arterial, id_paciente, id_profissional, id_unidade_saude) VALUES (7, '2024-11-12 12:39:58.846337', 'Emergência', 'Asperiores iusto dignissimos asperiores enim reiciendis.', '97/71', 27, 4, 4);
INSERT INTO Consulta (id_consulta, data, tipo, sintomas, pressao_arterial, id_paciente, id_profissional, id_unidade_saude) VALUES (8, '2024-12-12 20:38:36.524503', 'Retorno', 'Deleniti perspiciatis quasi quidem eaque qui odio laborum.', '90/70', 38, 9, 1);
INSERT INTO Consulta (id_consulta, data, tipo, sintomas, pressao_arterial, id_paciente, id_profissional, id_unidade_saude) VALUES (9, '2024-12-01 15:22:52.903674', 'Primeira Consulta', 'Aut qui nisi accusantium.', '125/79', 47, 4, 5);
INSERT INTO Consulta (id_consulta, data, tipo, sintomas, pressao_arterial, id_paciente, id_profissional, id_unidade_saude) VALUES (10, '2024-12-28 17:13:48.812828', 'Emergência', 'Quam ab ipsam assumenda.', '110/54', 15, 8, 3);
INSERT INTO Consulta (id_consulta, data, tipo, sintomas, pressao_arterial, id_paciente, id_profissional, id_unidade_saude) VALUES (11, '2024-11-12 00:17:56.236366', 'Primeira Consulta', 'Repellat tempore rem.', '90/56', 4, 4, 4);
INSERT INTO Consulta (id_consulta, data, tipo, sintomas, pressao_arterial, id_paciente, id_profissional, id_unidade_saude) VALUES (12, '2025-03-07 12:10:47.087476', 'Primeira Consulta', 'Libero delectus pariatur harum delectus consequuntur.', '108/85', 40, 3, 1);
INSERT INTO Consulta (id_consulta, data, tipo, sintomas, pressao_arterial, id_paciente, id_profissional, id_unidade_saude) VALUES (13, '2025-05-05 20:08:13.278189', 'Emergência', 'Accusantium facilis tempora assumenda accusamus eos.', '136/64', 25, 9, 5);
INSERT INTO Consulta (id_consulta, data, tipo, sintomas, pressao_arterial, id_paciente, id_profissional, id_unidade_saude) VALUES (14, '2025-03-27 22:31:54.413599', 'Primeira Consulta', 'Modi ullam eaque asperiores atque exercitationem.', '123/74', 43, 5, 1);
INSERT INTO Consulta (id_consulta, data, tipo, sintomas, pressao_arterial, id_paciente, id_profissional, id_unidade_saude) VALUES (15, '2025-04-26 20:48:08.676708', 'Primeira Consulta', 'Accusantium culpa placeat.', '116/57', 38, 7, 1);
INSERT INTO Consulta (id_consulta, data, tipo, sintomas, pressao_arterial, id_paciente, id_profissional, id_unidade_saude) VALUES (16, '2025-01-31 16:02:07.114782', 'Emergência', 'Eos a laborum possimus illum.', '84/80', 50, 2, 1);
INSERT INTO Consulta (id_consulta, data, tipo, sintomas, pressao_arterial, id_paciente, id_profissional, id_unidade_saude) VALUES (17, '2025-03-18 18:48:21.796599', 'Retorno', 'Blanditiis quia impedit fugit omnis sed atque.', '92/75', 10, 5, 4);
INSERT INTO Consulta (id_consulta, data, tipo, sintomas, pressao_arterial, id_paciente, id_profissional, id_unidade_saude) VALUES (18, '2024-12-09 15:44:45.204659', 'Emergência', 'Repudiandae exercitationem ipsa ut provident odio.', '92/74', 9, 5, 4);
INSERT INTO Consulta (id_consulta, data, tipo, sintomas, pressao_arterial, id_paciente, id_profissional, id_unidade_saude) VALUES (19, '2025-03-20 18:30:06.387860', 'Primeira Consulta', 'Reiciendis natus sit magni corporis suscipit illo aperiam.', '105/63', 20, 3, 3);
INSERT INTO Consulta (id_consulta, data, tipo, sintomas, pressao_arterial, id_paciente, id_profissional, id_unidade_saude) VALUES (20, '2024-12-18 00:35:29.579929', 'Retorno', 'Cumque numquam perspiciatis.', '94/61', 34, 6, 3);
INSERT INTO Consulta (id_consulta, data, tipo, sintomas, pressao_arterial, id_paciente, id_profissional, id_unidade_saude) VALUES (21, '2024-11-26 11:23:54.853708', 'Retorno', 'Illo modi et maxime suscipit.', '115/74', 48, 4, 3);
INSERT INTO Consulta (id_consulta, data, tipo, sintomas, pressao_arterial, id_paciente, id_profissional, id_unidade_saude) VALUES (22, '2025-02-26 22:09:33.515461', 'Primeira Consulta', 'Sit iure illo.', '91/86', 11, 8, 1);
INSERT INTO Consulta (id_consulta, data, tipo, sintomas, pressao_arterial, id_paciente, id_profissional, id_unidade_saude) VALUES (23, '2024-11-17 16:29:50.250881', 'Emergência', 'Aliquid fugit vitae earum possimus ad.', '118/72', 21, 5, 4);
INSERT INTO Consulta (id_consulta, data, tipo, sintomas, pressao_arterial, id_paciente, id_profissional, id_unidade_saude) VALUES (24, '2025-04-22 11:27:41.404616', 'Emergência', 'Maiores deserunt harum odit maxime vero id.', '96/65', 16, 7, 3);
INSERT INTO Consulta (id_consulta, data, tipo, sintomas, pressao_arterial, id_paciente, id_profissional, id_unidade_saude) VALUES (25, '2024-11-21 19:37:20.035788', 'Emergência', 'Quidem assumenda totam error beatae minus ullam.', '90/77', 49, 9, 2);
INSERT INTO Consulta (id_consulta, data, tipo, sintomas, pressao_arterial, id_paciente, id_profissional, id_unidade_saude) VALUES (26, '2025-01-22 10:33:41.222960', 'Emergência', 'Corporis totam molestias delectus.', '111/71', 14, 8, 1);
INSERT INTO Consulta (id_consulta, data, tipo, sintomas, pressao_arterial, id_paciente, id_profissional, id_unidade_saude) VALUES (27, '2024-12-26 03:51:17.912441', 'Emergência', 'Eveniet impedit dolor esse blanditiis necessitatibus quasi.', '138/74', 8, 8, 5);
INSERT INTO Consulta (id_consulta, data, tipo, sintomas, pressao_arterial, id_paciente, id_profissional, id_unidade_saude) VALUES (28, '2025-02-24 00:10:12.541846', 'Retorno', 'Recusandae assumenda illo consequuntur esse.', '99/74', 11, 1, 1);
INSERT INTO Consulta (id_consulta, data, tipo, sintomas, pressao_arterial, id_paciente, id_profissional, id_unidade_saude) VALUES (29, '2025-03-22 16:54:24.069091', 'Retorno', 'Molestiae recusandae saepe iste nesciunt repudiandae.', '124/82', 25, 3, 2);
INSERT INTO Consulta (id_consulta, data, tipo, sintomas, pressao_arterial, id_paciente, id_profissional, id_unidade_saude) VALUES (30, '2024-12-13 17:39:29.626865', 'Primeira Consulta', 'Laboriosam quo quidem magni ex ullam sequi.', '80/74', 39, 7, 1);
INSERT INTO Consulta (id_consulta, data, tipo, sintomas, pressao_arterial, id_paciente, id_profissional, id_unidade_saude) VALUES (31, '2025-03-02 15:46:40.876835', 'Primeira Consulta', 'Perspiciatis occaecati maxime neque quod in.', '82/89', 35, 4, 2);
INSERT INTO Consulta (id_consulta, data, tipo, sintomas, pressao_arterial, id_paciente, id_profissional, id_unidade_saude) VALUES (32, '2024-11-17 00:06:55.832196', 'Emergência', 'Iure quis praesentium dolores error id perferendis culpa.', '91/85', 19, 4, 4);
INSERT INTO Consulta (id_consulta, data, tipo, sintomas, pressao_arterial, id_paciente, id_profissional, id_unidade_saude) VALUES (33, '2025-03-17 13:31:03.416646', 'Primeira Consulta', 'Nemo reiciendis vero reiciendis unde nisi quos.', '84/84', 5, 5, 5);
INSERT INTO Consulta (id_consulta, data, tipo, sintomas, pressao_arterial, id_paciente, id_profissional, id_unidade_saude) VALUES (34, '2024-12-15 17:19:31.084227', 'Retorno', 'Reiciendis repudiandae ipsam tempora totam animi.', '131/53', 37, 5, 3);
INSERT INTO Consulta (id_consulta, data, tipo, sintomas, pressao_arterial, id_paciente, id_profissional, id_unidade_saude) VALUES (35, '2024-11-21 18:23:57.152492', 'Emergência', 'Molestias porro corporis minus reiciendis ducimus saepe iusto.', '126/80', 38, 3, 5);
INSERT INTO Consulta (id_consulta, data, tipo, sintomas, pressao_arterial, id_paciente, id_profissional, id_unidade_saude) VALUES (36, '2024-12-03 19:58:26.464415', 'Primeira Consulta', 'Esse doloremque accusamus quae.', '88/50', 11, 2, 1);
INSERT INTO Consulta (id_consulta, data, tipo, sintomas, pressao_arterial, id_paciente, id_profissional, id_unidade_saude) VALUES (37, '2025-04-08 17:01:02.530297', 'Emergência', 'Perferendis officiis ea.', '86/60', 38, 3, 3);
INSERT INTO Consulta (id_consulta, data, tipo, sintomas, pressao_arterial, id_paciente, id_profissional, id_unidade_saude) VALUES (38, '2025-04-24 02:10:29.847163', 'Emergência', 'Consectetur recusandae corrupti nobis.', '110/57', 15, 1, 2);
INSERT INTO Consulta (id_consulta, data, tipo, sintomas, pressao_arterial, id_paciente, id_profissional, id_unidade_saude) VALUES (39, '2025-04-10 04:53:36.209255', 'Retorno', 'Impedit magni nihil numquam tenetur corporis quod.', '140/50', 28, 9, 4);
INSERT INTO Consulta (id_consulta, data, tipo, sintomas, pressao_arterial, id_paciente, id_profissional, id_unidade_saude) VALUES (40, '2024-11-20 09:10:54.433509', 'Emergência', 'Illum modi temporibus quasi porro autem deserunt.', '91/78', 31, 1, 2);
INSERT INTO Consulta (id_consulta, data, tipo, sintomas, pressao_arterial, id_paciente, id_profissional, id_unidade_saude) VALUES (41, '2024-11-09 09:48:38.492093', 'Primeira Consulta', 'Consequuntur adipisci eius porro illum fuga corporis neque.', '140/71', 14, 3, 2);
INSERT INTO Consulta (id_consulta, data, tipo, sintomas, pressao_arterial, id_paciente, id_profissional, id_unidade_saude) VALUES (42, '2025-04-07 22:03:32.904678', 'Primeira Consulta', 'Ullam laudantium quo perspiciatis incidunt minima.', '106/78', 38, 10, 1);
INSERT INTO Consulta (id_consulta, data, tipo, sintomas, pressao_arterial, id_paciente, id_profissional, id_unidade_saude) VALUES (43, '2025-04-15 23:18:30.060274', 'Emergência', 'Dolorum asperiores illo.', '117/59', 20, 4, 2);
INSERT INTO Consulta (id_consulta, data, tipo, sintomas, pressao_arterial, id_paciente, id_profissional, id_unidade_saude) VALUES (44, '2024-12-17 10:15:09.468669', 'Retorno', 'Fugiat doloribus corporis omnis.', '102/75', 4, 7, 5);
INSERT INTO Consulta (id_consulta, data, tipo, sintomas, pressao_arterial, id_paciente, id_profissional, id_unidade_saude) VALUES (45, '2025-03-14 10:37:08.237410', 'Primeira Consulta', 'Hic illo minima unde enim.', '107/63', 24, 6, 4);
INSERT INTO Consulta (id_consulta, data, tipo, sintomas, pressao_arterial, id_paciente, id_profissional, id_unidade_saude) VALUES (46, '2025-03-25 02:59:22.565039', 'Primeira Consulta', 'Veniam id tempora asperiores fuga est.', '135/69', 35, 2, 3);
INSERT INTO Consulta (id_consulta, data, tipo, sintomas, pressao_arterial, id_paciente, id_profissional, id_unidade_saude) VALUES (47, '2025-01-11 00:26:02.978333', 'Primeira Consulta', 'Nostrum corporis distinctio harum ea.', '94/54', 44, 3, 5);
INSERT INTO Consulta (id_consulta, data, tipo, sintomas, pressao_arterial, id_paciente, id_profissional, id_unidade_saude) VALUES (48, '2024-11-22 01:14:58.840819', 'Emergência', 'Minus maxime autem dolor soluta odit.', '124/83', 39, 7, 5);
INSERT INTO Consulta (id_consulta, data, tipo, sintomas, pressao_arterial, id_paciente, id_profissional, id_unidade_saude) VALUES (49, '2025-01-20 07:16:05.298105', 'Primeira Consulta', 'Ab culpa commodi autem cumque fuga voluptatibus.', '118/85', 17, 8, 3);
INSERT INTO Consulta (id_consulta, data, tipo, sintomas, pressao_arterial, id_paciente, id_profissional, id_unidade_saude) VALUES (50, '2025-03-01 16:35:33.856509', 'Emergência', 'Molestias illo ut officiis dignissimos.', '116/50', 19, 5, 3);
INSERT INTO Consulta (id_consulta, data, tipo, sintomas, pressao_arterial, id_paciente, id_profissional, id_unidade_saude) VALUES (51, '2024-12-20 07:49:44.882759', 'Retorno', 'Doloribus deserunt id a ab aspernatur.', '121/58', 6, 2, 4);
INSERT INTO Consulta (id_consulta, data, tipo, sintomas, pressao_arterial, id_paciente, id_profissional, id_unidade_saude) VALUES (52, '2025-02-08 13:50:34.273456', 'Emergência', 'Voluptatibus corporis incidunt sed accusantium nobis cumque.', '126/65', 32, 10, 5);
INSERT INTO Consulta (id_consulta, data, tipo, sintomas, pressao_arterial, id_paciente, id_profissional, id_unidade_saude) VALUES (53, '2025-01-21 19:51:52.362253', 'Emergência', 'Exercitationem nostrum facilis commodi accusamus explicabo.', '110/72', 20, 6, 4);
INSERT INTO Consulta (id_consulta, data, tipo, sintomas, pressao_arterial, id_paciente, id_profissional, id_unidade_saude) VALUES (54, '2025-03-26 11:15:30.607413', 'Primeira Consulta', 'Fugit nihil officia repellendus itaque pariatur.', '82/51', 46, 10, 5);
INSERT INTO Consulta (id_consulta, data, tipo, sintomas, pressao_arterial, id_paciente, id_profissional, id_unidade_saude) VALUES (55, '2025-01-23 00:42:26.507988', 'Retorno', 'Nam magnam id impedit laborum quisquam ex debitis.', '133/61', 1, 4, 2);
INSERT INTO Consulta (id_consulta, data, tipo, sintomas, pressao_arterial, id_paciente, id_profissional, id_unidade_saude) VALUES (56, '2024-12-16 09:01:28.193923', 'Retorno', 'Ab ut libero commodi pariatur nihil ut.', '119/64', 12, 6, 4);
INSERT INTO Consulta (id_consulta, data, tipo, sintomas, pressao_arterial, id_paciente, id_profissional, id_unidade_saude) VALUES (57, '2025-04-13 03:14:35.549277', 'Emergência', 'Aspernatur occaecati quae doloremque qui.', '132/80', 42, 5, 1);
INSERT INTO Consulta (id_consulta, data, tipo, sintomas, pressao_arterial, id_paciente, id_profissional, id_unidade_saude) VALUES (58, '2024-11-22 04:06:34.599525', 'Retorno', 'Deleniti quidem aperiam adipisci minima.', '95/55', 45, 3, 5);
INSERT INTO Consulta (id_consulta, data, tipo, sintomas, pressao_arterial, id_paciente, id_profissional, id_unidade_saude) VALUES (59, '2025-02-23 13:27:27.793929', 'Emergência', 'Dignissimos facere excepturi perferendis aut in.', '133/71', 27, 1, 2);
INSERT INTO Consulta (id_consulta, data, tipo, sintomas, pressao_arterial, id_paciente, id_profissional, id_unidade_saude) VALUES (60, '2025-01-15 15:17:11.368129', 'Primeira Consulta', 'Eius voluptates ad ad et dolor quis.', '139/89', 45, 8, 4);
INSERT INTO Consulta (id_consulta, data, tipo, sintomas, pressao_arterial, id_paciente, id_profissional, id_unidade_saude) VALUES (61, '2025-02-14 04:20:39.538967', 'Emergência', 'Dignissimos atque autem ab.', '117/50', 30, 3, 3);
INSERT INTO Consulta (id_consulta, data, tipo, sintomas, pressao_arterial, id_paciente, id_profissional, id_unidade_saude) VALUES (62, '2025-03-20 21:17:44.125807', 'Primeira Consulta', 'Distinctio pariatur nisi ducimus modi iure.', '109/61', 39, 6, 3);
INSERT INTO Consulta (id_consulta, data, tipo, sintomas, pressao_arterial, id_paciente, id_profissional, id_unidade_saude) VALUES (63, '2025-02-18 23:31:40.093891', 'Retorno', 'Voluptates blanditiis corporis molestias suscipit totam assumenda.', '98/86', 47, 4, 1);
INSERT INTO Consulta (id_consulta, data, tipo, sintomas, pressao_arterial, id_paciente, id_profissional, id_unidade_saude) VALUES (64, '2025-02-22 07:03:31.861428', 'Primeira Consulta', 'Veritatis illum voluptatibus quo nobis aspernatur.', '104/74', 40, 2, 3);
INSERT INTO Consulta (id_consulta, data, tipo, sintomas, pressao_arterial, id_paciente, id_profissional, id_unidade_saude) VALUES (65, '2024-12-08 04:25:38.653209', 'Primeira Consulta', 'Odio error iure accusantium corporis quos vero.', '89/54', 1, 3, 1);
INSERT INTO Consulta (id_consulta, data, tipo, sintomas, pressao_arterial, id_paciente, id_profissional, id_unidade_saude) VALUES (66, '2025-04-25 01:09:23.760738', 'Emergência', 'A delectus officia provident itaque aut beatae.', '125/64', 48, 8, 2);
INSERT INTO Consulta (id_consulta, data, tipo, sintomas, pressao_arterial, id_paciente, id_profissional, id_unidade_saude) VALUES (67, '2024-12-28 12:58:41.673252', 'Primeira Consulta', 'Non nemo dolore laudantium saepe sit.', '84/78', 32, 5, 5);
INSERT INTO Consulta (id_consulta, data, tipo, sintomas, pressao_arterial, id_paciente, id_profissional, id_unidade_saude) VALUES (68, '2025-02-04 05:07:11.355803', 'Retorno', 'Sit cum laudantium molestias sequi ad vel.', '114/66', 32, 9, 5);
INSERT INTO Consulta (id_consulta, data, tipo, sintomas, pressao_arterial, id_paciente, id_profissional, id_unidade_saude) VALUES (69, '2025-05-03 10:21:46.617054', 'Retorno', 'Ratione doloribus cum voluptate inventore quis molestiae error.', '89/79', 49, 9, 5);
INSERT INTO Consulta (id_consulta, data, tipo, sintomas, pressao_arterial, id_paciente, id_profissional, id_unidade_saude) VALUES (70, '2024-11-22 10:43:20.425521', 'Emergência', 'Incidunt praesentium cumque ut iusto corrupti.', '86/55', 28, 10, 3);
INSERT INTO Consulta (id_consulta, data, tipo, sintomas, pressao_arterial, id_paciente, id_profissional, id_unidade_saude) VALUES (71, '2025-05-05 00:27:52.390111', 'Retorno', 'Quasi dolorem in.', '122/69', 50, 8, 5);
INSERT INTO Consulta (id_consulta, data, tipo, sintomas, pressao_arterial, id_paciente, id_profissional, id_unidade_saude) VALUES (72, '2025-04-25 11:55:13.145176', 'Retorno', 'Magni perspiciatis distinctio beatae aliquam cumque.', '93/54', 6, 1, 3);
INSERT INTO Consulta (id_consulta, data, tipo, sintomas, pressao_arterial, id_paciente, id_profissional, id_unidade_saude) VALUES (73, '2025-04-28 14:49:05.152249', 'Emergência', 'Commodi consequatur enim.', '111/61', 35, 2, 4);
INSERT INTO Consulta (id_consulta, data, tipo, sintomas, pressao_arterial, id_paciente, id_profissional, id_unidade_saude) VALUES (74, '2025-04-23 05:43:18.844773', 'Retorno', 'Eveniet atque unde unde error eligendi.', '128/72', 27, 7, 3);
INSERT INTO Consulta (id_consulta, data, tipo, sintomas, pressao_arterial, id_paciente, id_profissional, id_unidade_saude) VALUES (75, '2025-04-08 00:38:43.260254', 'Retorno', 'Laboriosam odit repellat iste exercitationem voluptate.', '85/54', 47, 1, 4);
INSERT INTO Consulta (id_consulta, data, tipo, sintomas, pressao_arterial, id_paciente, id_profissional, id_unidade_saude) VALUES (76, '2025-03-27 07:33:27.969002', 'Retorno', 'Tempore eaque odio beatae magni mollitia earum.', '98/68', 2, 2, 2);
INSERT INTO Consulta (id_consulta, data, tipo, sintomas, pressao_arterial, id_paciente, id_profissional, id_unidade_saude) VALUES (77, '2025-02-19 20:10:44.682250', 'Emergência', 'Autem consectetur similique nemo architecto suscipit inventore placeat.', '97/56', 38, 9, 5);
INSERT INTO Consulta (id_consulta, data, tipo, sintomas, pressao_arterial, id_paciente, id_profissional, id_unidade_saude) VALUES (78, '2024-11-13 04:32:27.034868', 'Emergência', 'Dolorem itaque accusantium voluptatibus.', '100/88', 30, 5, 2);
INSERT INTO Consulta (id_consulta, data, tipo, sintomas, pressao_arterial, id_paciente, id_profissional, id_unidade_saude) VALUES (79, '2024-12-23 11:20:06.897521', 'Emergência', 'Blanditiis ipsa officiis atque.', '108/70', 28, 9, 1);
INSERT INTO Consulta (id_consulta, data, tipo, sintomas, pressao_arterial, id_paciente, id_profissional, id_unidade_saude) VALUES (80, '2024-11-19 19:29:27.394950', 'Primeira Consulta', 'Repellat molestias aspernatur.', '127/65', 11, 8, 2);
INSERT INTO Consulta (id_consulta, data, tipo, sintomas, pressao_arterial, id_paciente, id_profissional, id_unidade_saude) VALUES (81, '2024-12-20 16:08:41.298278', 'Retorno', 'Iure laborum possimus eum.', '108/78', 13, 9, 1);
INSERT INTO Consulta (id_consulta, data, tipo, sintomas, pressao_arterial, id_paciente, id_profissional, id_unidade_saude) VALUES (82, '2025-02-08 03:20:22.735378', 'Primeira Consulta', 'Ex omnis dolores earum.', '104/55', 31, 10, 3);
INSERT INTO Consulta (id_consulta, data, tipo, sintomas, pressao_arterial, id_paciente, id_profissional, id_unidade_saude) VALUES (83, '2025-04-08 22:48:12.604893', 'Retorno', 'Sapiente culpa eaque ad.', '95/90', 5, 10, 2);
INSERT INTO Consulta (id_consulta, data, tipo, sintomas, pressao_arterial, id_paciente, id_profissional, id_unidade_saude) VALUES (84, '2025-03-01 03:26:27.372721', 'Primeira Consulta', 'Velit ad minima blanditiis nobis quo ipsum.', '102/67', 19, 4, 2);
INSERT INTO Consulta (id_consulta, data, tipo, sintomas, pressao_arterial, id_paciente, id_profissional, id_unidade_saude) VALUES (85, '2024-11-07 16:34:26.134447', 'Emergência', 'Hic sint magni ad iure provident.', '89/58', 22, 5, 2);
INSERT INTO Consulta (id_consulta, data, tipo, sintomas, pressao_arterial, id_paciente, id_profissional, id_unidade_saude) VALUES (86, '2025-02-23 11:41:26.984844', 'Primeira Consulta', 'Officiis natus sequi placeat.', '90/67', 6, 1, 3);
INSERT INTO Consulta (id_consulta, data, tipo, sintomas, pressao_arterial, id_paciente, id_profissional, id_unidade_saude) VALUES (87, '2025-04-02 14:41:18.652070', 'Primeira Consulta', 'Praesentium blanditiis adipisci illum corporis doloribus dignissimos.', '96/64', 21, 10, 5);
INSERT INTO Consulta (id_consulta, data, tipo, sintomas, pressao_arterial, id_paciente, id_profissional, id_unidade_saude) VALUES (88, '2025-04-18 14:14:47.546317', 'Primeira Consulta', 'Repudiandae pariatur eaque veritatis mollitia officiis vero.', '122/80', 10, 9, 4);
INSERT INTO Consulta (id_consulta, data, tipo, sintomas, pressao_arterial, id_paciente, id_profissional, id_unidade_saude) VALUES (89, '2025-04-14 09:56:59.334423', 'Retorno', 'Corrupti ut excepturi error officia cupiditate.', '113/87', 22, 8, 3);
INSERT INTO Consulta (id_consulta, data, tipo, sintomas, pressao_arterial, id_paciente, id_profissional, id_unidade_saude) VALUES (90, '2025-01-15 22:46:17.149457', 'Retorno', 'Enim eveniet quis id illum dolore.', '82/75', 18, 10, 3);
INSERT INTO Consulta (id_consulta, data, tipo, sintomas, pressao_arterial, id_paciente, id_profissional, id_unidade_saude) VALUES (91, '2025-03-26 01:58:55.727023', 'Primeira Consulta', 'Voluptatum itaque magni molestias saepe incidunt enim.', '116/87', 33, 8, 5);
INSERT INTO Consulta (id_consulta, data, tipo, sintomas, pressao_arterial, id_paciente, id_profissional, id_unidade_saude) VALUES (92, '2025-03-12 17:20:22.953222', 'Primeira Consulta', 'Rerum modi doloremque repudiandae alias soluta dolorum.', '136/74', 23, 6, 2);
INSERT INTO Consulta (id_consulta, data, tipo, sintomas, pressao_arterial, id_paciente, id_profissional, id_unidade_saude) VALUES (93, '2025-03-17 18:23:08.076218', 'Primeira Consulta', 'Illum officiis fuga earum.', '95/61', 4, 6, 5);
INSERT INTO Consulta (id_consulta, data, tipo, sintomas, pressao_arterial, id_paciente, id_profissional, id_unidade_saude) VALUES (94, '2025-01-17 04:06:54.868780', 'Emergência', 'Commodi autem voluptatem expedita sed autem.', '97/78', 21, 9, 2);
INSERT INTO Consulta (id_consulta, data, tipo, sintomas, pressao_arterial, id_paciente, id_profissional, id_unidade_saude) VALUES (95, '2025-03-12 20:56:57.010153', 'Primeira Consulta', 'Incidunt quas officiis nobis voluptas.', '85/53', 49, 4, 4);
INSERT INTO Consulta (id_consulta, data, tipo, sintomas, pressao_arterial, id_paciente, id_profissional, id_unidade_saude) VALUES (96, '2024-11-17 18:44:45.253510', 'Emergência', 'Aspernatur voluptatem nemo qui at tenetur eos.', '106/81', 40, 3, 4);
INSERT INTO Consulta (id_consulta, data, tipo, sintomas, pressao_arterial, id_paciente, id_profissional, id_unidade_saude) VALUES (97, '2025-01-21 10:52:32.377235', 'Primeira Consulta', 'Non earum labore harum saepe reprehenderit.', '100/75', 25, 4, 3);
INSERT INTO Consulta (id_consulta, data, tipo, sintomas, pressao_arterial, id_paciente, id_profissional, id_unidade_saude) VALUES (98, '2025-03-17 05:52:39.594919', 'Emergência', 'Non beatae doloribus porro tempora.', '80/72', 22, 1, 3);
INSERT INTO Consulta (id_consulta, data, tipo, sintomas, pressao_arterial, id_paciente, id_profissional, id_unidade_saude) VALUES (99, '2025-03-07 21:54:14.730300', 'Emergência', 'Quia omnis quibusdam.', '134/52', 49, 6, 2);
INSERT INTO Consulta (id_consulta, data, tipo, sintomas, pressao_arterial, id_paciente, id_profissional, id_unidade_saude) VALUES (100, '2024-11-23 04:03:44.279448', 'Primeira Consulta', 'Reiciendis eligendi et id.', '114/69', 47, 10, 2);